timestamp,water_level,temperature,rainfall
2024-01-01 00:00:00,50.49671415301123,20.77934900390533,0.0
2024-01-01 01:00:00,52.45992614985402,21.25507570613506,2.361023217589068
2024-01-01 02:00:00,55.6676885381007,22.08209045423411,0.0
2024-01-01 03:00:00,80.96561025868996,21.509726032821362,0.0
2024-01-01 04:00:00,58.46610066312105,23.259274600237752,0.0
2024-01-01 05:00:00,59.4751213059415,26.741048218585064,0.0
2024-01-01 06:00:00,61.63921281550739,23.719544428997533,0.0
2024-01-01 07:00:00,60.49669299204359,25.01910895266642,0.0
2024-01-01 08:00:00,75.28606343197256,25.337570992117392,0.0
2024-01-01 09:00:00,57.703627855451444,22.280611237930444,0.8249757634002646
2024-01-01 10:00:00,54.63658230718754,22.684710474781085,4.747444323398766
2024-01-01 11:00:00,52.232460697454954,22.23201076302326,0.0
2024-01-01 12:00:00,50.36196227156603,20.01249932190725,0.0
2024-01-01 13:00:00,45.628529304317,21.574307830154165,0.0
2024-01-01 14:00:00,43.415082167486965,15.831400741121804,2.824094720340436
2024-01-01 15:00:00,42.516644658893554,17.523194623951145,0.0
2024-01-01 16:00:00,40.48691484182119,15.497071243681345,0.0
2024-01-01 17:00:00,40.82498906970459,15.942291023391334,0.0
2024-01-01 18:00:00,39.27197592447879,15.441307151699245,0.0
2024-01-01 19:00:00,39.11843803577402,14.43721467144466,0.0
2024-01-01 20:00:00,43.005394731077175,15.898869373537147,0.0
2024-01-01 21:00:00,42.91315588764799,14.606564642668975,0.0
2024-01-01 22:00:00,45.287528204687916,18.103247500571392,0.0
2024-01-01 23:00:00,46.21706136276133,19.00406324047792,0.0
2024-01-02 00:00:00,49.69561727547482,20.638660168643103,0.0
2024-01-02 01:00:00,52.94911304073508,22.352213550599757,0.0
2024-01-02 02:00:00,54.10900642257769,22.86761984020971,0.0
2024-01-02 03:00:00,57.71676583021115,23.683623325731013,0.0
2024-01-02 04:00:00,58.33961534792558,23.449058682260898,0.0
2024-01-02 05:00:00,59.657564513097405,24.11740836779629,0.0
2024-01-02 06:00:00,59.6982933877706,26.18673462017733,0.0
2024-01-02 07:00:00,61.82153644739963,26.265964537151323,0.0
2024-01-02 08:00:00,58.96675681310646,24.09201658261014,0.0
2024-01-02 09:00:00,34.546384714576114,23.58153665318601,0.7024560835871664
2024-01-02 10:00:00,56.16254491210319,21.595385625006234,0.0
2024-01-02 11:00:00,51.717346801054184,22.466852070780046,0.0
2024-01-02 12:00:00,50.568863595004764,20.665416823691782,0.0
2024-01-02 13:00:00,45.822139425095024,20.64712221095115,0.0
2024-01-02 14:00:00,44.05181395110158,16.621676922820264,0.0
2024-01-02 15:00:00,43.515793424003654,16.086458195049048,0.0
2024-01-02 16:00:00,59.040227621457014,15.901318903603377,0.0
2024-01-02 17:00:00,40.92211001829929,15.816860406280432,0.0
2024-01-02 18:00:00,40.30435171761176,14.784332362452368,0.0
2024-01-02 19:00:00,40.46963804152002,14.297409778100958,0.27925527539884
2024-01-02 20:00:00,40.30122397178818,16.551280510001376,0.848155620622842
2024-01-02 21:00:00,42.659087979739816,17.185601456612844,0.0
2024-01-02 22:00:00,44.9993612290402,16.583725899436267,0.0
2024-01-02 23:00:00,48.9389317751937,20.06134757559289,0.0
2024-01-03 00:00:00,50.82361828956845,21.1701987091966,0.0
2024-01-03 01:00:00,51.31515029566247,21.42839172276039,0.0
2024-01-03 02:00:00,55.8240839693948,22.57959786237604,0.0
2024-01-03 03:00:00,57.19598553144915,24.08959167704864,0.0
2024-01-03 04:00:00,58.503332037538435,23.468423948665937,0.0
2024-01-03 05:00:00,60.80093455173155,24.859660610609424,0.0
2024-01-03 06:00:00,61.57099952249595,22.84761645539082,0.0
2024-01-03 07:00:00,61.14053838200687,25.706084776948277,0.5310260748039098
2024-01-03 08:00:00,58.38103651462176,22.768633796480337,0.0
2024-01-03 09:00:00,57.33185543601427,25.038953734361744,0.0
2024-01-03 10:00:00,55.91126343140356,22.16987990603355,0.0
2024-01-03 11:00:00,54.153735578147575,21.08242824358143,0.0
2024-01-03 12:00:00,50.12082576215473,19.372266093915506,0.0
2024-01-03 13:00:00,47.836150572310984,18.417865900565324,0.0
2024-01-03 14:00:00,44.51366502599399,18.918531345148043,0.0
2024-01-03 15:00:00,42.362725564053854,13.976657437532182,0.0
2024-01-03 16:00:00,42.792271784549825,16.946838367166002,0.0
2024-01-03 17:00:00,42.34698176568014,15.508394349656367,0.0
2024-01-03 18:00:00,40.58798987841966,13.792978352142784,0.0
2024-01-03 19:00:00,42.014274635001335,14.09505847550542,0.0
2024-01-03 20:00:00,42.381381987203255,17.346266008286012,0.0
2024-01-03 21:00:00,42.97381243352938,15.518959214124523,0.0
2024-01-03 22:00:00,46.061395605508416,16.34664948940404,2.168592382808665
2024-01-03 23:00:00,49.65984611544078,19.843219316852135,0.0
2024-01-04 00:00:00,50.68417396089004,20.33855287628591,0.0
2024-01-04 01:00:00,54.882834106839184,20.35616964897619,0.0
2024-01-04 02:00:00,53.12025489591024,22.716624975404613,1.693589590065348
2024-01-04 03:00:00,58.6429703162407,22.50978122229246,2.7361054257143445
2024-01-04 04:00:00,59.507301106082544,25.430948417344794,0.0
2024-01-04 05:00:00,60.13025091242481,25.891000096318475,0.0
2024-01-04 06:00:00,60.8717607765355,25.532006198821943,0.0
2024-01-04 07:00:00,58.461689348289795,25.19129019269236,0.0
2024-01-04 08:00:00,59.240582150006865,26.091315143789565,0.0
2024-01-04 09:00:00,58.23818038337724,23.53522023332097,0.0
2024-01-04 10:00:00,57.297894044741554,21.318125874579216,0.0
2024-01-04 11:00:00,52.89992023275155,21.743569138344906,0.0
2024-01-04 12:00:00,69.30637093800951,22.086047049537118,0.20749441639451396
2024-01-04 13:00:00,47.76005250539025,17.69114528130154,0.0
2024-01-04 14:00:00,46.775402117702086,17.13853723330602,0.0
2024-01-04 15:00:00,44.127683297794235,16.880912132168728,0.0
2024-01-04 16:00:00,41.68998575838859,15.615968132072073,3.8902273292945897
2024-01-04 17:00:00,41.744009170222675,14.188067288177345,1.0726533136680023
2024-01-04 18:00:00,40.99707754934804,16.12185785623047,0.0
2024-01-04 19:00:00,42.219386727642195,17.490411590571917,0.0
2024-01-04 20:00:00,41.557692868278245,15.866004440101706,0.5246384655012079
2024-01-04 21:00:00,43.53127004153674,15.560397804331254,0.0
2024-01-04 22:00:00,45.54789184686784,15.951039474946525,0.0
2024-01-04 23:00:00,46.89829460084269,18.963880755708583,0.0
2024-01-05 00:00:00,51.25612027706457,21.103877343316253,0.0
2024-01-05 01:00:00,53.819245723205064,21.76926297200797,0.0
2024-01-05 02:00:00,55.985113456642445,22.497596159081137,1.812997317683196
2024-01-05 03:00:00,57.82648067849033,22.94626225414343,0.0
2024-01-05 04:00:00,58.24488329579398,23.237963386204108,0.0
2024-01-05 05:00:00,60.24861294012532,25.66438045777022,0.0
2024-01-05 06:00:00,60.677285483473234,25.913771621385585,0.0
2024-01-05 07:00:00,59.88698099366907,23.283899344754612,0.0
2024-01-05 08:00:00,59.53896832617837,25.919965997102874,0.0
2024-01-05 09:00:00,58.525118668679994,24.109605126826732,0.0
2024-01-05 10:00:00,57.94618590121054,23.899594645145797,0.0
2024-01-05 11:00:00,53.832768263857076,19.9519674770275,0.0
2024-01-05 12:00:00,51.337550390722775,18.63417584458457,0.0
2024-01-05 13:00:00,48.42736363320866,18.556935464720116,1.6563966592198696
2024-01-05 14:00:00,44.18122878470095,18.002784426895186,0.0
2024-01-05 15:00:00,44.012418312685305,18.260826916994226,0.0
2024-01-05 16:00:00,42.51997617209665,16.375951894892943,0.0
2024-01-05 17:00:00,43.93398384959461,14.927689591742626,0.0
2024-01-05 18:00:00,40.94763903521888,13.973630792334108,0.0
2024-01-05 19:00:00,41.79228907944294,16.400371441273812,0.0
2024-01-05 20:00:00,25.05971834064888,14.705167555327092,0.0
2024-01-05 21:00:00,42.93025415051498,18.092934648839577,0.0
2024-01-05 22:00:00,47.322822814515014,17.215615350393488,0.0
2024-01-05 23:00:00,49.353742581661535,20.296486847105232,0.0
2024-01-06 00:00:00,51.991031947043,20.678931290059253,0.0
2024-01-06 01:00:00,52.888802996230474,21.157099736070148,0.0
2024-01-06 02:00:00,57.62279431093609,21.980603628173867,0.0
2024-01-06 03:00:00,56.89921674907316,23.194626028586644,0.0
2024-01-06 04:00:00,60.487111131644646,24.758443711297424,0.0
2024-01-06 05:00:00,84.3530155882452,24.90678562766306,0.0
2024-01-06 06:00:00,60.26946367486931,24.406188591931294,0.0
2024-01-06 07:00:00,60.362960533287904,24.663997721127703,0.0
2024-01-06 08:00:00,60.03990540293204,24.40870404864135,0.0028587282670914935
2024-01-06 09:00:00,41.24391857386546,21.40679981151793,1.1941594947987033
2024-01-06 10:00:00,54.74933656893387,22.958168114788702,0.0
2024-01-06 11:00:00,53.96675342583123,20.31437400079579,0.0
2024-01-06 12:00:00,50.25769628627388,18.846667596794244,0.0
2024-01-06 13:00:00,49.21540197961,17.018560427376702,0.0
2024-01-06 14:00:00,45.420575765766216,15.706107502132117,0.0
2024-01-06 15:00:00,45.828866593152064,15.109018590954973,0.0
2024-01-06 16:00:00,41.91649266981938,14.960852023447314,0.0
2024-01-06 17:00:00,41.38868022090363,17.123630006081225,0.6714674875764999
2024-01-06 18:00:00,42.193517217369674,14.474120324104796,0.0
2024-01-06 19:00:00,40.499877420675354,15.348120974822688,4.723753008885531
2024-01-06 20:00:00,42.96720589675974,16.070354367584134,0.0
2024-01-06 21:00:00,45.64607494241691,16.59553128028309,0.0
2024-01-06 22:00:00,44.812516765438794,17.422556539274016,0.0
2024-01-06 23:00:00,49.02644340750707,17.510611010888137,0.0
2024-01-07 00:00:00,51.69988279424841,21.450927548279203,0.0
2024-01-07 01:00:00,72.50175700025164,23.101291869150486,0.0
2024-01-07 02:00:00,55.22304928912187,20.81734130587729,0.0
2024-01-07 03:00:00,57.22061119878122,22.511505315046367,0.0
2024-01-07 04:00:00,60.66219560346127,24.050316676545183,1.123645845027401
2024-01-07 05:00:00,61.446242936123866,23.865091336535148,0.0
2024-01-07 06:00:00,61.75049285034588,25.505965553455866,2.669640888288661
2024-01-07 07:00:00,61.51570647238767,24.101356929038733,0.0
2024-01-07 08:00:00,59.50022931626592,26.495183086728808,0.0
2024-01-07 09:00:00,58.8333215090265,24.72608250027634,0.0
2024-01-07 10:00:00,56.833072473298685,22.71257403063222,0.0
2024-01-07 11:00:00,53.423839032998835,22.321081488832334,1.3151746554106265
2024-01-07 12:00:00,53.42577451114481,21.105900424357333,0.0
2024-01-07 13:00:00,49.45564246988662,18.14195728642917,0.0
2024-01-07 14:00:00,45.38869650279737,16.683782755458047,0.0
2024-01-07 15:00:00,45.17548579676836,16.542609157036914,0.0
2024-01-07 16:00:00,41.96506429192829,16.53150910557575,0.0
2024-01-07 17:00:00,42.737826340851775,15.309431267208083,0.0
2024-01-07 18:00:00,42.7785955790074,13.423003517809002,0.0
2024-01-07 19:00:00,41.15005941875761,14.367546424603814,0.0
2024-01-07 20:00:00,43.9431220913999,15.59590011748341,3.496115618291836
2024-01-07 21:00:00,44.99171311507098,16.38880048974141,0.0
2024-01-07 22:00:00,47.48206015999452,19.47254217678982,0.0
2024-01-07 23:00:00,73.44938520291907,17.319916832088417,0.0
2024-01-08 00:00:00,73.14732013628844,20.505589241835867,0.0
2024-01-08 01:00:00,53.52445428666771,22.783208333840893,0.0
2024-01-08 02:00:00,55.810485570374496,24.771449745422803,0.0
2024-01-08 03:00:00,57.96525752690001,23.13113648274876,0.0
2024-01-08 04:00:00,60.303152328430265,24.821556471642385,0.0
2024-01-08 05:00:00,61.730410237707325,25.399389488643987,0.0
2024-01-08 06:00:00,62.01669079933002,25.19548173155329,0.0
2024-01-08 07:00:00,62.23644151192672,24.73078393020604,0.0
2024-01-08 08:00:00,60.433255929722314,24.766102408422253,0.0
2024-01-08 09:00:00,60.294601889022765,21.003287820713037,1.248549565552647
2024-01-08 10:00:00,56.51534316676206,23.182069490062638,0.0
2024-01-08 11:00:00,57.098359617614825,21.42027312917457,3.2157968161864425
2024-01-08 12:00:00,52.42566734776499,19.777525103221727,0.0
2024-01-08 13:00:00,48.36465199255855,20.752766970206974,0.0
2024-01-08 14:00:00,45.74910750193891,16.82506598120946,0.0
2024-01-08 15:00:00,45.24140460337772,16.061390105002236,0.0
2024-01-08 16:00:00,42.9562831768298,17.66142628328256,0.0
2024-01-08 17:00:00,42.90474223120142,14.338309563704808,0.0
2024-01-08 18:00:00,42.33323762457354,14.449884717063462,0.02580911257774563
2024-01-08 19:00:00,42.13791282445245,15.023345445123814,0.0
2024-01-08 20:00:00,42.37295224408721,16.510607463207354,0.0
2024-01-08 21:00:00,43.304084963448666,16.67226860142058,0.0
2024-01-08 22:00:00,46.453485047933,16.207374652847747,0.0
2024-01-08 23:00:00,50.17820834329823,18.17373621136019,0.0
2024-01-09 00:00:00,52.13409374413018,19.392645566787778,0.0
2024-01-09 01:00:00,53.27245167231322,21.216874180289558,0.0
2024-01-09 02:00:00,57.113180925851125,22.925843658629802,0.0
2024-01-09 03:00:00,59.40638519159428,23.95373966182069,1.4692872474032037
2024-01-09 04:00:00,59.736396601643236,22.554115264873783,0.0
2024-01-09 05:00:00,61.782983368836184,25.893570119006185,0.0
2024-01-09 06:00:00,62.03820871844599,25.252568845996624,0.48482870686282414
2024-01-09 07:00:00,60.50628796506006,26.214161179039248,0.0
2024-01-09 08:00:00,61.01804139819266,24.77432534621286,0.0
2024-01-09 09:00:00,59.64185233823373,24.63685686366851,0.0
2024-01-09 10:00:00,58.103051243175294,22.966545311450133,0.0
2024-01-09 11:00:00,55.67199250306011,22.64032098171535,0.0
2024-01-09 12:00:00,50.662330632042966,20.52225063601781,0.0
2024-01-09 13:00:00,48.5239845090597,18.60798952804451,0.0
2024-01-09 14:00:00,47.57503526720868,19.772434720446892,0.0
2024-01-09 15:00:00,45.51271813904679,17.353503216347182,0.0
2024-01-09 16:00:00,43.93479364846166,16.24361740208222,4.689183504561534
2024-01-09 17:00:00,46.283473227764034,13.89406645201632,0.0
2024-01-09 18:00:00,42.67089051069317,13.711692382536462,0.0
2024-01-09 19:00:00,43.58630737728991,15.463086350696509,0.0
2024-01-09 20:00:00,44.41374772564881,15.815394178846047,0.347266542436721
2024-01-09 21:00:00,45.71032343944032,15.850343529058947,0.0
2024-01-09 22:00:00,46.82473075535961,17.64098269961204,0.0
2024-01-09 23:00:00,50.32077876946803,20.294531702530975,0.36532365904303266
2024-01-10 00:00:00,51.38717478546241,20.69540247455029,0.0
2024-01-10 01:00:00,54.52137184428513,20.15308671575983,0.17855548536898655
2024-01-10 02:00:00,56.69463645217084,22.388491172857027,0.0
2024-01-10 03:00:00,59.34294195125181,22.730567425080185,0.0
2024-01-10 04:00:00,63.174912604517914,23.94242710251364,1.0766846131093817
2024-01-10 05:00:00,60.00199307029893,24.416013465815695,0.0
2024-01-10 06:00:00,62.90626019037451,24.522354417395995,0.0
2024-01-10 07:00:00,60.27654239170103,23.574493759471945,0.0
2024-01-10 08:00:00,60.428322172054976,24.202472337404014,0.5143280237405676
2024-01-10 09:00:00,60.41001840883286,22.97492626908544,0.0
2024-01-10 10:00:00,57.324280019095475,19.57055130999774,0.0
2024-01-10 11:00:00,53.780445673095976,23.3470672500143,0.0
2024-01-10 12:00:00,51.56469629074009,21.0887696542167,0.0
2024-01-10 13:00:00,50.38140729790951,18.329604049562423,0.0
2024-01-10 14:00:00,46.56963336828282,17.518819049740582,0.0
2024-01-10 15:00:00,45.45539077771652,15.292811746749708,0.0
2024-01-10 16:00:00,43.70531780205943,17.36559585888867,0.0
2024-01-10 17:00:00,42.019141389503496,17.067659563327766,0.0
2024-01-10 18:00:00,44.48394408932533,15.156693728246525,0.0
2024-01-10 19:00:00,43.324660759427324,16.193901512740002,4.793914380256539
2024-01-10 20:00:00,41.674603375497995,15.845159760011727,6.329090558573223
2024-01-10 21:00:00,45.4853865029039,15.127740655191307,0.0
2024-01-10 22:00:00,46.71821353523157,17.088176631036323,0.0
2024-01-10 23:00:00,69.76728260443329,18.837832741259334,0.0
2024-01-11 00:00:00,51.60747926156721,19.54545228125651,0.0
2024-01-11 01:00:00,54.8834540095583,21.075441948077565,0.0
2024-01-11 02:00:00,57.92498727898047,22.40860044249089,0.0
2024-01-11 03:00:00,60.36682300603561,23.454655408067282,0.0
2024-01-11 04:00:00,59.89995763078859,24.382385509419667,1.3986226811220857
2024-01-11 05:00:00,61.77475702704973,23.769024065048736,0.0
2024-01-11 06:00:00,61.98505468883904,24.282983850872064,0.0
2024-01-11 07:00:00,61.47592903031697,23.54504486574537,0.0
2024-01-11 08:00:00,47.33890395646715,25.307942568608407,3.8748451951622647
2024-01-11 09:00:00,59.9660495228265,21.42988696409245,0.0
2024-01-11 10:00:00,56.23911604566497,23.65359034331693,0.0
2024-01-11 11:00:00,56.016052398079914,22.680444622775415,0.0
2024-01-11 12:00:00,54.64215619701263,19.697819413017374,0.0
2024-01-11 13:00:00,50.97427480952599,16.10276768666012,0.0
2024-01-11 14:00:00,46.02063003404595,17.138689438032692,0.0
2024-01-11 15:00:00,44.994698115268285,16.40028193277845,0.0
2024-01-11 16:00:00,45.166657111342275,14.659274761148911,0.0
2024-01-11 17:00:00,42.203072271490534,14.655152474746412,0.0
2024-01-11 18:00:00,67.36814981568064,16.53019519886335,5.736291774294297
2024-01-11 19:00:00,43.705375790538625,15.835298030856386,0.0
2024-01-11 20:00:00,43.01281549057752,14.745308866699702,0.0
2024-01-11 21:00:00,45.47940683207268,14.866866924471806,0.0
2024-01-11 22:00:00,44.37873265993094,17.172982682390238,0.0
2024-01-11 23:00:00,49.01742190764046,18.49244799513694,0.0
2024-01-12 00:00:00,52.38743184860688,20.496199187363338,0.0
2024-01-12 01:00:00,53.99040726906035,20.75877851294494,4.620431514216014
2024-01-12 02:00:00,59.29241130393157,23.01149957536183,5.318673730941533
2024-01-12 03:00:00,58.31092643390486,25.470687945992974,0.0
2024-01-12 04:00:00,60.900209551147384,25.145628041366447,0.0
2024-01-12 05:00:00,62.47999884017675,24.78154062411456,0.0
2024-01-12 06:00:00,64.14127328906612,24.816849528946705,0.0
2024-01-12 07:00:00,60.93339611171126,24.47295599726548,0.0
2024-01-12 08:00:00,62.54341778999933,25.510767931374332,0.0
2024-01-12 09:00:00,59.811300872885084,22.90822045998145,1.0955818033651687
2024-01-12 10:00:00,56.758491348952006,22.54522270899996,0.0
2024-01-12 11:00:00,55.800293925288486,21.345293127393692,0.44521642900491515
2024-01-12 12:00:00,52.95905969557353,19.4982158071885,0.0
2024-01-12 13:00:00,49.58159267181598,17.333439226603286,0.0
2024-01-12 14:00:00,47.849802084990046,17.822974503617683,0.0
2024-01-12 15:00:00,45.33361859127283,16.40346212221191,0.0
2024-01-12 16:00:00,44.25326330740686,16.17011345051438,0.0
2024-01-12 17:00:00,43.81287241163038,14.6367705621155,0.0
2024-01-12 18:00:00,44.40601681614535,16.220821298813046,0.0
2024-01-12 19:00:00,41.93292623828246,14.293597087342809,1.3196810930394491
2024-01-12 20:00:00,46.3127793368119,17.38191326509571,0.0
2024-01-12 21:00:00,43.826844388612024,14.716829584239001,0.0
2024-01-12 22:00:00,47.708214904964365,17.934770064556865,0.4476992500213445
2024-01-12 23:00:00,50.87012675545939,19.181335457014033,0.0
2024-01-13 00:00:00,53.16099186773501,19.204442932059102,0.0
2024-01-13 01:00:00,54.855490931204535,21.718489163373576,0.0
2024-01-13 02:00:00,57.69187774964272,23.779518669760158,0.0
2024-01-13 03:00:00,59.4880668772066,21.31871506657865,4.83451604735881
2024-01-13 04:00:00,60.99088928090012,24.83287182641298,0.0
2024-01-13 05:00:00,63.4388603599117,22.33635831111526,0.0
2024-01-13 06:00:00,63.29701548596505,24.034335196476793,0.0
2024-01-13 07:00:00,61.91634866763003,26.458795496346287,0.0
2024-01-13 08:00:00,41.95794698697755,23.748344985530153,0.0
2024-01-13 09:00:00,60.348367332742065,22.361653941523755,1.668908215086933
2024-01-13 10:00:00,58.792862118838976,22.30206227101533,0.0
2024-01-13 11:00:00,56.2078192929489,23.362001563676195,0.0
2024-01-13 12:00:00,52.17100498907792,18.16831775279397,0.0
2024-01-13 13:00:00,49.86162850877787,17.65459486284808,0.0
2024-01-13 14:00:00,48.767293605123356,18.997431683179673,0.0
2024-01-13 15:00:00,46.56930245356801,18.322168437605,2.0329952257899255
2024-01-13 16:00:00,44.358844368191505,15.566441756787542,0.0
2024-01-13 17:00:00,43.50806912041809,13.931318166028015,0.0
2024-01-13 18:00:00,44.33766489578843,17.09584350180916,0.0
2024-01-13 19:00:00,42.819170348273495,16.76481326030386,0.0
2024-01-13 20:00:00,44.96684334332564,16.348819968840036,0.0
2024-01-13 21:00:00,45.81673953570058,15.652063745129814,0.0
2024-01-13 22:00:00,47.882318796772786,17.450970659161968,0.0
2024-01-13 23:00:00,51.62058640096193,18.545544693442544,2.9074689157335327
2024-01-14 00:00:00,53.945416348987926,20.33085130461553,0.0
2024-01-14 01:00:00,56.53170008702583,22.74509666364393,0.0
2024-01-14 02:00:00,59.44547880715427,23.379417041137373,0.0
2024-01-14 03:00:00,80.99566338478922,22.458157828947982,0.0
2024-01-14 04:00:00,62.502207009139326,25.70662346894172,2.2356401635131835
2024-01-14 05:00:00,62.51899150629724,25.142761271458504,0.09620608763749794
2024-01-14 06:00:00,63.50416635248844,25.687065795858917,0.0
2024-01-14 07:00:00,62.719115208523014,26.296169990723953,2.8818805342354716
2024-01-14 08:00:00,61.9572500028371,23.21854676940864,0.0
2024-01-14 09:00:00,60.876224837302416,23.49970832722629,0.5192799111383293
2024-01-14 10:00:00,57.401779316766614,21.96854544864083,0.0
2024-01-14 11:00:00,57.91057772671068,19.726235800147155,0.0
2024-01-14 12:00:00,52.23398261850037,20.346709977604956,0.0
2024-01-14 13:00:00,49.447620936187185,21.21746132607188,1.2840463125503476
2024-01-14 14:00:00,49.418110873500105,15.659922255494266,0.0
2024-01-14 15:00:00,46.99059488209743,16.43218548301778,0.0
2024-01-14 16:00:00,45.243865779207844,16.310415916152618,0.0
2024-01-14 17:00:00,44.25908724637361,15.293449070210848,0.0
2024-01-14 18:00:00,43.28775322715308,14.88687194748426,0.0
2024-01-14 19:00:00,42.753487365623485,13.87115450510883,2.262068613560182
2024-01-14 20:00:00,44.73555052034936,15.902659724017983,0.0
2024-01-14 21:00:00,45.5817704766224,15.707702117051332,6.246225078466943
2024-01-14 22:00:00,49.31511973341782,15.310078295021482,0.0
2024-01-14 23:00:00,50.61475216747254,19.900496995001067,0.0
2024-01-15 00:00:00,52.53450280320745,20.958385819842025,0.0
2024-01-15 01:00:00,55.63680460937213,21.34575620236364,0.0
2024-01-15 02:00:00,58.79293145427562,22.7290746882057,0.0
2024-01-15 03:00:00,59.89734325906146,24.60985191864828,0.0
2024-01-15 04:00:00,61.23803364227796,24.55446667570028,0.0
2024-01-15 05:00:00,63.31294547438255,25.733646686206633,0.0
2024-01-15 06:00:00,63.66496657110872,24.70251779912615,0.0
2024-01-15 07:00:00,62.582315087519554,26.141612870019287,0.0
2024-01-15 08:00:00,61.62921573222609,24.650912744854892,0.0
2024-01-15 09:00:00,60.753117749223094,23.7295858495386,0.0
2024-01-15 10:00:00,35.24707816329666,21.22993891128798,0.0
2024-01-15 11:00:00,54.6507266766486,21.581051079814287,0.0
2024-01-15 12:00:00,52.761555778747706,19.16804508250562,0.0
2024-01-15 13:00:00,50.688362397263,18.067622047958928,0.0
2024-01-15 14:00:00,48.81090756559811,16.684624371683928,0.0
2024-01-15 15:00:00,67.026193163779,15.398231162168047,0.0
2024-01-15 16:00:00,30.555401611963003,17.794644384094788,0.0
2024-01-15 17:00:00,43.710803207145894,16.50170993054306,0.0
2024-01-15 18:00:00,43.52098379209731,16.920367502144263,0.0
2024-01-15 19:00:00,42.88821237247148,13.947475848999082,0.0
2024-01-15 20:00:00,44.88123282616321,15.741126730988695,0.0
2024-01-15 21:00:00,46.21027354921433,15.170958468863137,0.0
2024-01-15 22:00:00,48.902718560338094,16.80430512280294,0.0
2024-01-15 23:00:00,50.174578605422425,17.7877777910708,0.0
2024-01-16 00:00:00,54.11934651424121,21.23958400644158,0.0
2024-01-16 01:00:00,57.730929364027624,20.897865547410763,1.2724222727447987
2024-01-16 02:00:00,58.51123985154307,23.56837933369398,0.3424584100946526
2024-01-16 03:00:00,61.10277953396443,24.13965479552126,0.0
2024-01-16 04:00:00,62.99039802955547,26.63376577102697,0.0
2024-01-16 05:00:00,62.90803779100485,23.35018490830562,0.0
2024-01-16 06:00:00,63.88409248181041,26.2592332397868,0.0
2024-01-16 07:00:00,63.34185066367246,25.97607000184606,0.0
2024-01-16 08:00:00,62.437930136393284,23.356748180895192,0.0
2024-01-16 09:00:00,59.98805802801004,24.542667242405912,0.0
2024-01-16 10:00:00,58.72451017425903,22.83614496302627,0.0
2024-01-16 11:00:00,74.55541568607615,21.066618965559204,4.851243774423941
2024-01-16 12:00:00,55.17114360779511,19.176064513028034,0.0
2024-01-16 13:00:00,52.101080375059986,17.986795323038205,1.943117044751916
2024-01-16 14:00:00,50.89318245751147,19.54981209578588,0.07914441567668787
2024-01-16 15:00:00,45.91158462524655,16.46514891302478,0.0
2024-01-16 16:00:00,45.972066598876296,16.45200298260927,0.0
2024-01-16 17:00:00,44.2940837428477,14.379471486887116,0.0
2024-01-16 18:00:00,45.96980293321767,14.220147053778362,0.0
2024-01-16 19:00:00,43.322443451754154,16.252355677804594,0.0
2024-01-16 20:00:00,44.30002411997485,14.320296769526285,0.0
2024-01-16 21:00:00,46.1395395426904,16.049252326161938,0.0
2024-01-16 22:00:00,46.69610427569014,17.534027411072202,0.0
2024-01-16 23:00:00,50.71605452729391,18.81727737632739,0.0
2024-01-17 00:00:00,53.08086733844626,19.82090671498382,0.0
2024-01-17 01:00:00,56.588584237501465,21.68991500660855,0.0
2024-01-17 02:00:00,59.201755975777154,23.192855755817806,0.0
2024-01-17 03:00:00,62.81723865108142,24.270171451392095,0.0
2024-01-17 04:00:00,63.490677876030375,23.344323210254338,0.0
2024-01-17 05:00:00,62.97235460722827,24.54547403351654,0.0
2024-01-17 06:00:00,63.00158532865164,26.19476286187694,0.0
2024-01-17 07:00:00,64.0611774343972,25.724276319019218,0.16358366572072172
2024-01-17 08:00:00,61.26002083082378,22.957267567441146,0.0
2024-01-17 09:00:00,62.83252657771982,23.887013806284934,0.0
2024-01-17 10:00:00,60.11944012072144,20.52177475062527,0.0
2024-01-17 11:00:00,56.0690147989206,21.341030127573017,3.394281270234538
2024-01-17 12:00:00,52.24686547090913,21.89776701674598,0.0
2024-01-17 13:00:00,52.73568192314026,17.75801205721844,0.0
2024-01-17 14:00:00,48.86546015474736,16.665676954508406,0.0
2024-01-17 15:00:00,48.15674850010801,17.22849587564013,0.0
2024-01-17 16:00:00,43.74531830336122,14.127071465868147,0.0
2024-01-17 17:00:00,43.75136671415558,14.537615838669637,0.0
2024-01-17 18:00:00,44.02524369971819,15.596441137581753,0.9673326730605953
2024-01-17 19:00:00,44.41772233087403,14.53608502086524,0.0
2024-01-17 20:00:00,44.929680490676354,15.433902993866827,0.0
2024-01-17 21:00:00,47.601782120481964,17.208651804382267,0.0
2024-01-17 22:00:00,47.99237957061741,17.921546083536562,0.0
2024-01-17 23:00:00,51.33943006395358,18.97272317078284,1.767491754774291
2024-01-18 00:00:00,54.20029563171178,19.660877720729903,0.0
2024-01-18 01:00:00,57.19262928508394,21.66415634078155,0.0
2024-01-18 02:00:00,59.81161487808882,22.376267319900208,0.0
2024-01-18 03:00:00,60.056425720027605,23.993339515858523,1.1907077783437099
2024-01-18 04:00:00,61.24613986710874,23.833194993804202,0.0
2024-01-18 05:00:00,65.0669350847892,24.647060157065802,0.0
2024-01-18 06:00:00,64.47231401197959,24.010042207447984,0.0
2024-01-18 07:00:00,63.060771726334146,24.794621521439115,0.0
2024-01-18 08:00:00,64.37140601336691,23.519126155293346,2.0771819701685326
2024-01-18 09:00:00,61.35674244615837,22.421487455770762,0.0
2024-01-18 10:00:00,60.3592971840638,22.758661147855374,0.0
2024-01-18 11:00:00,56.845708932435336,21.506835001370273,0.0
2024-01-18 12:00:00,56.260747924881926,20.78287373494854,0.0
2024-01-18 13:00:00,53.37715039141813,18.274779204912363,0.0
2024-01-18 14:00:00,48.971035851520966,17.908052846836778,0.4592971838379324
2024-01-18 15:00:00,48.13050313908896,17.01526366634096,0.0
2024-01-18 16:00:00,46.22512191174077,16.114646788909408,4.211611572147392
2024-01-18 17:00:00,45.959373294641686,14.344717185752526,0.0
2024-01-18 18:00:00,66.78954060167725,15.14936348227119,0.0
2024-01-18 19:00:00,45.29679319710778,15.53451116460933,0.0
2024-01-18 20:00:00,46.67817044900515,15.677051447985722,0.0
2024-01-18 21:00:00,45.46019270171139,14.377988435696171,0.2550913451177851
2024-01-18 22:00:00,48.11674148733416,17.660489623973447,3.245616234729631
2024-01-18 23:00:00,49.682577371214705,20.918435813884642,0.0
2024-01-19 00:00:00,54.0505931655554,19.639960731242997,0.0
2024-01-19 01:00:00,57.63573270682121,20.5660181276573,0.0
2024-01-19 02:00:00,60.84235705209589,22.87334855971133,5.740318848169962
2024-01-19 03:00:00,61.495162592285205,23.847912116399286,1.4688989520753566
2024-01-19 04:00:00,64.64886958341562,25.522862184338578,0.0
2024-01-19 05:00:00,62.64915680467579,23.57176097553645,0.0
2024-01-19 06:00:00,62.67661756064484,25.731380252574994,0.0
2024-01-19 07:00:00,63.99371056399407,25.420051192696807,0.0
2024-01-19 08:00:00,63.44431948678366,24.18798048198163,0.0
2024-01-19 09:00:00,61.44837306377146,23.87422122385447,0.0
2024-01-19 10:00:00,57.35255789996016,23.529457481598374,0.0
2024-01-19 11:00:00,56.92907041151251,22.1664106055411,0.0
2024-01-19 12:00:00,53.135530499495154,18.856980687926274,0.9084103821450565
2024-01-19 13:00:00,52.5314820978049,19.526062961242914,0.0
2024-01-19 14:00:00,49.826598246096836,17.435311394967474,0.0
2024-01-19 15:00:00,29.35586683894936,16.53734019208284,0.0
2024-01-19 16:00:00,45.30587904481897,15.743069972079525,0.0
2024-01-19 17:00:00,43.77152821522037,15.0201278797564,0.0
2024-01-19 18:00:00,44.43732090272683,16.191707497107064,0.0
2024-01-19 19:00:00,45.80588405761056,15.08665290870545,0.0
2024-01-19 20:00:00,44.87401991582006,14.55032685269463,0.0
2024-01-19 21:00:00,47.962978703652404,16.070936238097552,0.0
2024-01-19 22:00:00,49.00974238162743,17.678694716810412,0.0
2024-01-19 23:00:00,51.16893671671238,19.935119558784415,0.0
2024-01-20 00:00:00,54.452969640045325,20.603094684948772,0.0
2024-01-20 01:00:00,56.122948128605806,20.443559946765546,0.0
2024-01-20 02:00:00,59.02635069465274,24.985189916678852,0.0
2024-01-20 03:00:00,60.46318991927663,23.80030921691072,0.0
2024-01-20 04:00:00,65.22497917076082,25.605517756921227,0.0
2024-01-20 05:00:00,64.30452181486238,24.677914697868097,1.9277352972805097
2024-01-20 06:00:00,63.92027449200742,25.533359244705448,0.0
2024-01-20 07:00:00,64.50323817362492,25.669097635963755,0.0
2024-01-20 08:00:00,63.18792598815355,25.54832173067645,0.0
2024-01-20 09:00:00,37.83908275855395,24.592902211310985,0.0
2024-01-20 10:00:00,60.274166700043395,23.372197000072962,0.0
2024-01-20 11:00:00,58.01569816107268,20.979008494318578,0.0
2024-01-20 12:00:00,54.149498852389556,19.42825395804398,0.0
2024-01-20 13:00:00,51.52599130833025,19.038512284811663,1.7953452288303766
2024-01-20 14:00:00,49.4249483028484,18.43312807234109,0.0
2024-01-20 15:00:00,45.33701102339892,16.241745393290646,0.0
2024-01-20 16:00:00,63.463660529396165,16.7350449467922,0.5400330789898556
2024-01-20 17:00:00,23.38329271155396,16.62298761404083,0.0
2024-01-20 18:00:00,46.38496771350128,14.083679080926581,0.0
2024-01-20 19:00:00,61.40487540464153,14.333450164758373,0.0
2024-01-20 20:00:00,46.676302925211324,15.529497922172444,0.0
2024-01-20 21:00:00,48.01018234267805,16.772078762256452,0.0
2024-01-20 22:00:00,52.85888080845517,16.975432986232914,0.0
2024-01-20 23:00:00,53.32138446040938,20.058107453354545,0.0
2024-01-21 00:00:00,54.67208240851904,20.424066861518355,0.0
2024-01-21 01:00:00,56.442650010424686,21.33354227375329,0.56139988771328
2024-01-21 02:00:00,58.21355367974241,21.064090476131465,0.0
2024-01-21 03:00:00,62.10453144773264,22.219718089505204,0.0
2024-01-21 04:00:00,62.743903292560084,24.611136269204,2.5483139786187294
2024-01-21 05:00:00,63.08700455329299,22.697033505290502,0.0
2024-01-21 06:00:00,39.42191156475131,26.01263740964407,0.0
2024-01-21 07:00:00,63.44771025927633,24.67147528707304,0.0
2024-01-21 08:00:00,65.227395672917,27.573219988516946,0.0
2024-01-21 09:00:00,62.842707568815015,25.843450156548894,0.0
2024-01-21 10:00:00,59.892027358683414,22.3185509307525,0.0
2024-01-21 11:00:00,58.97813458991519,21.18775822298127,0.13619335358557533
2024-01-21 12:00:00,54.997368307647776,20.995581514002108,2.359033935969253
2024-01-21 13:00:00,51.4805253476466,20.409077384405467,1.6967853571057008
2024-01-21 14:00:00,51.46312407726964,15.861970942563977,4.76029724025963
2024-01-21 15:00:00,48.417842231819115,14.67809062871254,0.0
2024-01-21 16:00:00,45.26249980782921,15.047838175523449,0.0
2024-01-21 17:00:00,45.12040305902571,15.753108451728524,4.23159195311027
2024-01-21 18:00:00,44.104381746615246,15.496873590507597,0.0
2024-01-21 19:00:00,43.94794200614495,16.240142323538493,1.3155404508885467
2024-01-21 20:00:00,47.265923509687234,14.470175452712489,0.0
2024-01-21 21:00:00,49.848348828604685,14.148322231098403,0.0
2024-01-21 22:00:00,48.621432426180974,18.358014195302204,0.0
2024-01-21 23:00:00,53.0047787856653,17.87770850152213,5.80530183309403
2024-01-22 00:00:00,54.38935743087819,17.98151213561137,0.0
2024-01-22 01:00:00,57.15106506726033,21.439158971471898,0.0
2024-01-22 02:00:00,59.467606075761054,23.29317568821864,0.0
2024-01-22 03:00:00,61.27707704218565,23.413476773811457,0.0
2024-01-22 04:00:00,63.78877566578925,23.87227863273972,0.0
2024-01-22 05:00:00,63.91830814647961,24.67026689929942,0.0
2024-01-22 06:00:00,65.37045682577984,24.629417237599217,0.0
2024-01-22 07:00:00,64.7190201534416,23.481582019505204,0.0
2024-01-22 08:00:00,63.541305990978046,23.615446341931797,0.0
2024-01-22 09:00:00,61.293504149823924,24.056813810946572,0.0
2024-01-22 10:00:00,59.563228669431645,22.82167854137649,0.0
2024-01-22 11:00:00,58.49358167685085,21.46215503147937,0.0
2024-01-22 12:00:00,55.66091718762446,19.004851518146662,2.9804046394487105
2024-01-22 13:00:00,51.604254304176244,18.52440161235173,0.0
2024-01-22 14:00:00,50.2793323054294,15.32293495355723,0.0
2024-01-22 15:00:00,48.8703193115064,16.642942757952696,0.0
2024-01-22 16:00:00,44.870340681034264,17.098730688891383,0.0
2024-01-22 17:00:00,46.09410192948924,13.696238736512546,0.0
2024-01-22 18:00:00,44.55737624105415,14.414072326682245,0.0
2024-01-22 19:00:00,46.14134040570246,15.499477647264781,0.0
2024-01-22 20:00:00,45.81648680561312,16.922715615505297,0.0
2024-01-22 21:00:00,46.37405008746988,16.016241477767053,0.0
2024-01-22 22:00:00,48.63245756211676,16.80774967073407,0.0
2024-01-22 23:00:00,52.72989449563618,16.736981632071313,0.0
2024-01-23 00:00:00,55.53972250172157,20.10343812930815,0.0
2024-01-23 01:00:00,56.97387382592069,23.336171265656294,0.0
2024-01-23 02:00:00,41.96867083670261,22.777358461964667,1.4609668607060295
2024-01-23 03:00:00,60.71954774959636,23.513254926748946,0.0
2024-01-23 04:00:00,63.914174239197,24.652209329689143,0.0
2024-01-23 05:00:00,63.77824206312822,24.818537127496736,0.0
2024-01-23 06:00:00,64.68816389219785,24.18698562773987,2.6178454582317405
2024-01-23 07:00:00,65.05665693420707,25.652909047123032,0.0
2024-01-23 08:00:00,63.15984067256047,24.555888542033966,0.0
2024-01-23 09:00:00,62.05651226763564,23.55314715786639,0.0
2024-01-23 10:00:00,42.09566911618795,21.524633972721833,2.483500383789095
2024-01-23 11:00:00,57.40129858150216,22.597603157447416,0.10673003180308291
2024-01-23 12:00:00,56.23569211206516,20.66470274533312,3.9286261779249028
2024-01-23 13:00:00,51.69210269431711,18.152983937120062,0.0
2024-01-23 14:00:00,50.9498041779154,18.501824853681995,0.0
2024-01-23 15:00:00,49.800500808792464,15.966895255682072,0.0
2024-01-23 16:00:00,44.3081014620283,14.887869488566759,0.0
2024-01-23 17:00:00,44.99384648163888,14.410667751074392,4.357755538501992
2024-01-23 18:00:00,46.037072127180544,13.22893144691191,0.0
2024-01-23 19:00:00,45.60769635106632,15.641913248972866,0.0
2024-01-23 20:00:00,47.190891835526976,13.83872810273948,0.0
2024-01-23 21:00:00,47.81494700141864,15.236022262801464,0.0
2024-01-23 22:00:00,50.58658978747289,15.42441199092146,0.0
2024-01-23 23:00:00,52.76613231358251,18.6198350816964,0.0
2024-01-24 00:00:00,56.68778206165968,19.849679539728065,0.0
2024-01-24 01:00:00,58.37261129432638,20.967399012326222,0.0
2024-01-24 02:00:00,60.87760266207523,21.45742230532944,0.0
2024-01-24 03:00:00,62.209190845743095,22.363300152496144,0.0
2024-01-24 04:00:00,63.73264781377186,24.79449688246875,0.0
2024-01-24 05:00:00,64.79670007507106,24.279077199736857,0.0
2024-01-24 06:00:00,65.9744521423783,25.316358321536146,0.0
2024-01-24 07:00:00,64.82827378207044,23.944380445321134,0.0
2024-01-24 08:00:00,64.5500288947408,24.511189761693277,0.0
2024-01-24 09:00:00,64.75646861051085,24.83881194324877,0.0
2024-01-24 10:00:00,61.491124703431794,23.086165800392838,1.394051708923013
2024-01-24 11:00:00,57.892166918857406,20.88168140729614,1.8580998376059052
2024-01-24 12:00:00,56.84121392216418,20.257198970356043,1.6414635835073297
2024-01-24 13:00:00,52.65373417595338,18.465239599957254,0.0
2024-01-24 14:00:00,48.621875464822196,17.507880184694756,1.4061235526244158
2024-01-24 15:00:00,47.590845877217106,16.138855041918752,0.38816953071190546
2024-01-24 16:00:00,45.148954041129706,15.505537775192389,3.350438723957759
2024-01-24 17:00:00,45.67922825306803,15.382464221628846,0.0
2024-01-24 18:00:00,45.71841837918956,14.00664130041805,0.0
2024-01-24 19:00:00,47.72717904938455,14.154492041564655,2.9062115267649005
2024-01-24 20:00:00,47.38667333591972,14.281330427246566,0.0
2024-01-24 21:00:00,48.439831659325634,14.864194989563542,0.0
2024-01-24 22:00:00,51.56940558118353,16.282717307779542,0.9209550378274459
2024-01-24 23:00:00,50.950674239966766,18.865367281291455,0.0
2024-01-25 00:00:00,55.99561455810851,19.10721248450809,0.0
2024-01-25 01:00:00,59.129055644912206,21.807709689743714,0.0
2024-01-25 02:00:00,59.30141375422001,22.534713748752488,5.43581985305265
2024-01-25 03:00:00,64.00482185507235,21.567029692494657,0.0
2024-01-25 04:00:00,64.7987504453388,24.98510260314388,0.0
2024-01-25 05:00:00,65.0539703489899,25.64042777703706,0.0
2024-01-25 06:00:00,66.45278186610628,24.006137325165145,0.0
2024-01-25 07:00:00,67.75995112069508,25.249820674340334,0.0
2024-01-25 08:00:00,64.682120292903,23.47362878151305,1.218777185000447
2024-01-25 09:00:00,63.16928839816591,23.633204282681124,0.37451124259787716
2024-01-25 10:00:00,60.4006391004598,21.235501593045054,0.0
2024-01-25 11:00:00,57.608346081560384,19.500988772978012,0.0
2024-01-25 12:00:00,56.71033581654413,19.61718281038697,0.0
2024-01-25 13:00:00,52.445725723066005,18.5821758282126,0.0
2024-01-25 14:00:00,50.971566237219385,17.102320306385394,0.0
2024-01-25 15:00:00,48.36127474136955,15.28043553584477,2.5084442798125104
2024-01-25 16:00:00,47.73872578790206,15.269973918946697,5.551735878137877
2024-01-25 17:00:00,46.60440384239627,15.439665621135395,0.0
2024-01-25 18:00:00,46.9775399442579,14.955106969877463,0.0
2024-01-25 19:00:00,45.78072533825454,15.352871899153856,0.0
2024-01-25 20:00:00,47.02987102686222,14.999757780623561,0.0
2024-01-25 21:00:00,47.920168472352046,17.63618400878334,0.0
2024-01-25 22:00:00,50.535706739923754,16.32382666344515,4.5092128544067425
2024-01-25 23:00:00,53.77911004201957,19.193465071574078,7.154924805594347
2024-01-26 00:00:00,56.75698861664536,21.181891092959965,0.0
2024-01-26 01:00:00,57.67602512684767,21.775003318261543,0.23310745566689628
2024-01-26 02:00:00,61.88960592010558,22.297475772935126,0.0
2024-01-26 03:00:00,64.45670567067042,23.007236859269753,0.0
2024-01-26 04:00:00,65.11368894106799,25.366214669968397,0.0
2024-01-26 05:00:00,67.58605407544871,23.40665420618365,0.0
2024-01-26 06:00:00,65.28621080089643,24.029875739620355,0.09432823012673468
2024-01-26 07:00:00,64.48460355957927,24.432071365953615,0.0
2024-01-26 08:00:00,45.02085916717241,25.567780776434233,0.0
2024-01-26 09:00:00,64.65711212335471,23.91530154197366,0.0
2024-01-26 10:00:00,61.75436565635405,21.531954241489746,0.0
2024-01-26 11:00:00,58.64260578011493,20.983787520127787,0.0
2024-01-26 12:00:00,56.39996862631992,19.385676855903757,0.0
2024-01-26 13:00:00,52.41632050167643,17.996115782253867,0.0
2024-01-26 14:00:00,53.58575197961676,18.478889558556748,0.0
2024-01-26 15:00:00,49.208153370109834,15.0927229648038,0.0
2024-01-26 16:00:00,47.609140756760524,17.27865383681219,0.0
2024-01-26 17:00:00,47.23650836100808,15.998600558739312,0.0
2024-01-26 18:00:00,46.66100923173671,16.090861670603697,0.0
2024-01-26 19:00:00,46.754625761388425,14.707431356529392,0.09640918684049504
2024-01-26 20:00:00,46.749271506710315,15.519932261998703,0.0
2024-01-26 21:00:00,49.61040054527059,15.031314279542585,0.0
2024-01-26 22:00:00,53.102024496474954,16.97533759293316,0.0
2024-01-26 23:00:00,54.98722959512977,19.199559622130543,0.0
2024-01-27 00:00:00,74.32568132405393,21.296063061781293,0.0
2024-01-27 01:00:00,58.32697477459391,20.186938408710095,0.0
2024-01-27 02:00:00,76.52994714353497,22.13449406301472,0.0
2024-01-27 03:00:00,63.215280891765865,23.384234685700232,0.0
2024-01-27 04:00:00,64.99597895013301,22.93433781672967,0.0
2024-01-27 05:00:00,67.04344978136162,25.420978373203734,0.0
2024-01-27 06:00:00,64.60753537028518,24.27600966825739,0.0
2024-01-27 07:00:00,67.49880858235134,24.63423878026834,0.0
2024-01-27 08:00:00,64.82224613926545,23.87817764701034,0.0
2024-01-27 09:00:00,62.974186741918054,22.746195400213065,0.0
2024-01-27 10:00:00,60.32789562473977,22.49295501451941,0.0
2024-01-27 11:00:00,57.28333377915955,21.07848564694464,0.0
2024-01-27 12:00:00,57.18317058396194,19.62814211772135,0.0
2024-01-27 13:00:00,53.855127516163414,17.977443152807165,0.0
2024-01-27 14:00:00,50.09003910025907,17.819524670783014,3.2786725873797433
2024-01-27 15:00:00,48.02385341607095,18.118083362559567,0.0
2024-01-27 16:00:00,47.403961262865465,15.809760213916926,0.0
2024-01-27 17:00:00,70.34330632394281,16.166489083465773,0.0
2024-01-27 18:00:00,46.1604086486364,13.609778074846538,0.0
2024-01-27 19:00:00,45.26759878399121,15.32813230784843,0.0
2024-01-27 20:00:00,47.53400289806957,14.572504662106692,0.0
2024-01-27 21:00:00,49.10620861838678,14.987541166535323,0.0
2024-01-27 22:00:00,64.16450194791207,16.760628592540954,0.0
2024-01-27 23:00:00,53.827514682457036,19.897804108901,0.0
2024-01-28 00:00:00,56.249065469791184,20.950015828669578,0.0
2024-01-28 01:00:00,59.77439681583858,21.53709994756698,0.0
2024-01-28 02:00:00,63.34895609494513,20.96729944010996,0.0
2024-01-28 03:00:00,64.70763284141312,23.339253254544744,0.0
2024-01-28 04:00:00,64.91136534728952,24.63182702782391,0.0
2024-01-28 05:00:00,65.08273235414902,25.00516536102394,0.0
2024-01-28 06:00:00,69.11335980324986,23.156206416519254,0.0
2024-01-28 07:00:00,66.2684766969052,23.939311283425482,0.11013039733940364
2024-01-28 08:00:00,65.23418332975749,24.266049254773552,0.0
2024-01-28 09:00:00,63.616942724755425,24.071824815449904,0.0
2024-01-28 10:00:00,61.77808476076797,20.30387217890011,0.4659429789988924
2024-01-28 11:00:00,59.03383003910132,21.13197125003277,0.0
2024-01-28 12:00:00,56.02633799312001,20.143048769879073,0.0
2024-01-28 13:00:00,53.47495060773428,19.55551676300355,0.6667741340684848
2024-01-28 14:00:00,51.58724672978406,18.19285758423747,0.0
2024-01-28 15:00:00,49.015507417000954,17.047037412876165,0.0
2024-01-28 16:00:00,47.2669001794784,14.869932474375847,0.0
2024-01-28 17:00:00,70.75279579652327,13.262368731431364,0.0
2024-01-28 18:00:00,46.40502278257914,14.606947242938599,0.0
2024-01-28 19:00:00,48.51473472569195,16.17200269376319,0.0
2024-01-28 20:00:00,45.368776153762674,17.063327508602278,0.3504059463363285
2024-01-28 21:00:00,50.710439040056954,17.175015196365035,7.657705482353236
2024-01-28 22:00:00,52.94608519249743,17.92934082280163,0.3451866216607912
2024-01-28 23:00:00,52.048419316566495,19.085544422873287,1.3367836197372198
2024-01-29 00:00:00,56.37731240591958,19.443881253239184,0.9054941494098299
2024-01-29 01:00:00,58.94674958502944,21.164034931958994,0.0
2024-01-29 02:00:00,60.33248830528203,24.169069525826252,0.0
2024-01-29 03:00:00,63.04325112427473,22.592975900140928,0.0
2024-01-29 04:00:00,64.30967819237856,25.944905809632044,0.6423537111370391
2024-01-29 05:00:00,68.18152870631425,24.507600976953256,0.0
2024-01-29 06:00:00,67.71567839314746,26.32543210909508,0.0
2024-01-29 07:00:00,67.72081335788485,23.422814121947805,0.0
2024-01-29 08:00:00,66.1819261018876,24.91603122008683,0.0
2024-01-29 09:00:00,62.75201604064836,22.798763769985168,0.0
2024-01-29 10:00:00,61.295479733720526,21.084732808075962,0.0
2024-01-29 11:00:00,59.9075650122531,21.512629267923536,0.0
2024-01-29 12:00:00,55.617872191108226,21.00947178859606,0.0
2024-01-29 13:00:00,54.97480797914727,17.860963335893942,0.0
2024-01-29 14:00:00,33.37638082832669,16.000984039541603,0.0
2024-01-29 15:00:00,49.42411138058487,16.37262132973228,0.0
2024-01-29 16:00:00,48.93070593035917,15.582437652300657,0.0
2024-01-29 17:00:00,47.67500504859544,15.718690496109197,0.0
2024-01-29 18:00:00,46.53903383418092,15.949594571364488,0.08016941849431163
2024-01-29 19:00:00,48.41007154047353,15.110955687282146,0.0
2024-01-29 20:00:00,47.178682634555685,17.525376295872054,0.0
2024-01-29 21:00:00,50.4748677950786,16.68870083860246,0.0
2024-01-29 22:00:00,52.53310125796848,17.15357349399315,0.0
2024-01-29 23:00:00,54.05226310966072,17.094337415384526,1.5189450430215006
2024-01-30 00:00:00,57.286133022241835,19.73734047968369,0.0
2024-01-30 01:00:00,58.30707687463999,20.95770828010151,0.0
2024-01-30 02:00:00,62.90402701920681,23.46030479628142,0.0
2024-01-30 03:00:00,63.87616567542247,23.998017529999583,0.43081989082447425
2024-01-30 04:00:00,65.13753101732524,23.15075789728952,0.0
2024-01-30 05:00:00,67.7182674887276,25.001883517856395,0.0
2024-01-30 06:00:00,66.31565630945724,25.671531171729054,0.0
2024-01-30 07:00:00,65.28079696652719,26.357660490833204,1.7042472026260074
2024-01-30 08:00:00,64.14362486432057,25.217630986336292,0.0
2024-01-30 09:00:00,86.55240235858838,24.296380560244245,0.0
2024-01-30 10:00:00,60.77957064750371,22.56008599461516,0.0
2024-01-30 11:00:00,61.41298463300976,21.68240723093615,0.0
2024-01-30 12:00:00,54.9980705921161,21.24950490070607,0.0
2024-01-30 13:00:00,56.198265917264855,17.37312737700776,0.0
2024-01-30 14:00:00,52.31101746720281,17.15056067278314,0.0
2024-01-30 15:00:00,69.61903120111299,15.691897345311068,0.6253163253761085
2024-01-30 16:00:00,47.91482687534669,16.049026099803942,0.0
2024-01-30 17:00:00,47.86987785146138,16.400593044205444,0.0
2024-01-30 18:00:00,47.102365297575155,14.403025713278925,0.0
2024-01-30 19:00:00,48.59404361912589,12.780066501085248,0.0
2024-01-30 20:00:00,48.61397361081765,15.257652236053339,2.3674473660499684
2024-01-30 21:00:00,50.24923394959627,17.377939826084603,0.0
2024-01-30 22:00:00,51.816387787786056,18.03762990294984,0.0
2024-01-30 23:00:00,54.5448639252537,19.134091022297962,0.6233329983145527
2024-01-31 00:00:00,57.507801768892136,19.720006698125555,0.0
2024-01-31 01:00:00,58.08802205836846,20.015064489292755,1.2727209936541504
2024-01-31 02:00:00,60.871814577894,23.015294321624324,0.0
2024-01-31 03:00:00,65.04433190588823,22.701252095898127,5.648269332823984
2024-01-31 04:00:00,66.07111947597225,26.514223752302613,0.0
2024-01-31 05:00:00,66.72527492653798,25.400136339799847,0.0
2024-01-31 06:00:00,67.2784339330654,24.41935169744605,1.3715294977825883
2024-01-31 07:00:00,67.27683996825233,24.2182438840567,0.0
2024-01-31 08:00:00,65.40049435753508,24.23718281230863,0.0
2024-01-31 09:00:00,63.582763086463366,23.296031983911092,0.0
2024-01-31 10:00:00,62.49584525509761,23.616833775529923,8.389980213890304
2024-01-31 11:00:00,58.9198176734103,21.48051139525671,0.0
2024-01-31 12:00:00,57.728252755714514,19.268368261091492,0.4390652541695266
2024-01-31 13:00:00,53.03922594473718,20.596345459643295,0.0
2024-01-31 14:00:00,37.76972262871245,17.549308331520166,0.0
2024-01-31 15:00:00,50.75152967054762,17.233305770036186,1.209710648093844
2024-01-31 16:00:00,48.95577569646962,15.061646473633115,0.0
2024-01-31 17:00:00,48.693432721054805,15.533486496299169,0.0
2024-01-31 18:00:00,49.04547444446258,15.311109991143196,0.0
2024-01-31 19:00:00,48.74511180212744,13.280721576458504,0.0
2024-01-31 20:00:00,46.89887173082386,17.685148091538395,0.0
2024-01-31 21:00:00,49.05935522139893,17.755110554989866,1.7308616319294685
2024-01-31 22:00:00,51.795181422304296,17.102804683853996,0.0
2024-01-31 23:00:00,54.8679005991854,17.603635034031427,0.0
2024-02-01 00:00:00,57.957659020468974,20.347561613803478,0.0
2024-02-01 01:00:00,59.31244663787169,21.380792924926972,0.0
2024-02-01 02:00:00,62.6467667644771,22.855668948563242,0.0
2024-02-01 03:00:00,63.78568487951204,23.727111302126765,1.8535608040608302
2024-02-01 04:00:00,65.52873623485253,24.836368008228167,0.0
2024-02-01 05:00:00,65.74259716604246,26.276934830837146,0.0
2024-02-01 06:00:00,66.57676675388909,25.568103205128647,0.0
2024-02-01 07:00:00,65.8175736572744,23.779973632535416,0.0
2024-02-01 08:00:00,65.20438078486707,25.692689871634652,1.7774010824278856
2024-02-01 09:00:00,65.65470960847327,25.176148469421005,0.0
2024-02-01 10:00:00,61.590601111168176,25.652056734512144,0.0
2024-02-01 11:00:00,62.77057251586293,20.17060119227317,0.0
2024-02-01 12:00:00,58.05331790088086,20.24288201315026,0.0
2024-02-01 13:00:00,55.16664567266983,16.623806071298493,0.0
2024-02-01 14:00:00,51.721642219818854,18.053149156379245,0.0
2024-02-01 15:00:00,51.21924206754352,15.91626579590049,0.7873249105458251
2024-02-01 16:00:00,48.364108135917796,17.593318775902738,0.19906376986297572
2024-02-01 17:00:00,48.072751551754706,14.395755898536091,0.0
2024-02-01 18:00:00,50.180084538268794,13.310816962032739,0.0
2024-02-01 19:00:00,30.16824241756703,14.699107127852146,0.0
2024-02-01 20:00:00,50.12901928844122,13.694385209860636,2.0988668098488437
2024-02-01 21:00:00,49.8757557630086,17.215565548574556,0.05001478451311342
2024-02-01 22:00:00,52.62501150950282,15.434916953743572,0.0
2024-02-01 23:00:00,56.85261018461042,18.734362355670612,0.0
2024-02-02 00:00:00,57.053032942212155,17.922188180143763,0.0
2024-02-02 01:00:00,62.09063900902187,20.973797420975828,0.0
2024-02-02 02:00:00,63.40775193545556,24.143378155804573,0.0
2024-02-02 03:00:00,64.21860103597113,23.8961817973685,0.0
2024-02-02 04:00:00,67.0126617768999,23.466633413957254,0.0
2024-02-02 05:00:00,93.24602265215216,24.798425642506228,0.0
2024-02-02 06:00:00,68.3618099622172,25.018016872044445,0.0
2024-02-02 07:00:00,65.83903354300023,25.302259477288754,0.0
2024-02-02 08:00:00,65.69311686201965,22.96326865564143,0.0
2024-02-02 09:00:00,64.59354917631408,24.128101179780124,0.0
2024-02-02 10:00:00,62.70556657090002,19.795608368397257,0.0
2024-02-02 11:00:00,60.99886254857588,20.664210673148787,0.0
2024-02-02 12:00:00,57.977701000933436,19.511726157548548,0.0
2024-02-02 13:00:00,53.886465190264516,19.33923160055855,0.0
2024-02-02 14:00:00,53.200197851005974,17.522630852676876,0.0
2024-02-02 15:00:00,51.36951793341849,15.05890304021105,0.0
2024-02-02 16:00:00,49.73953641008672,14.684879855260823,0.0
2024-02-02 17:00:00,49.27152246266395,15.36905087810207,0.0
2024-02-02 18:00:00,48.6939221545489,14.920932658135444,0.0
2024-02-02 19:00:00,48.66992181633771,14.591246758918892,0.0
2024-02-02 20:00:00,49.149580250696786,15.189039191565739,0.0
2024-02-02 21:00:00,49.157971254618545,17.16063409122656,0.0
2024-02-02 22:00:00,53.32961821913243,16.982307427130706,0.0
2024-02-02 23:00:00,55.52949723613781,18.617813530458278,0.0
2024-02-03 00:00:00,58.191578837195365,22.16993658808054,0.0
2024-02-03 01:00:00,59.24144187520498,19.870412588628717,0.0
2024-02-03 02:00:00,61.85894345959163,20.648157268425287,0.43689489480226185
2024-02-03 03:00:00,66.07422066519815,24.319123570731232,0.0
2024-02-03 04:00:00,66.58069888398775,23.651483957628102,0.0
2024-02-03 05:00:00,68.31075896026327,24.5113916037027,0.0
2024-02-03 06:00:00,85.27104267616232,24.218843621868885,1.2666551624294744
2024-02-03 07:00:00,67.6790144023865,24.569828990677863,0.0
2024-02-03 08:00:00,67.59853784382034,25.92866513101851,0.0
2024-02-03 09:00:00,64.56502308364816,24.337662364550887,0.741060430035592
2024-02-03 10:00:00,63.11612077694124,23.362223511887102,0.0
2024-02-03 11:00:00,60.155915162320085,19.877868169719918,2.19193797933938
2024-02-03 12:00:00,57.60550377256781,18.848846263447193,0.6743730435962688
2024-02-03 13:00:00,55.152637425506185,15.866826115001984,0.0
2024-02-03 14:00:00,53.282133771633916,16.690619178917345,0.0
2024-02-03 15:00:00,50.52018356647095,17.421169280452872,0.0
2024-02-03 16:00:00,50.675502087729164,16.186819496826192,0.0
2024-02-03 17:00:00,47.53613443488988,14.948857605602567,0.0
2024-02-03 18:00:00,47.913128355838644,14.977699716281947,0.0
2024-02-03 19:00:00,71.27165752431797,14.481485325979241,0.0
2024-02-03 20:00:00,50.90672384650936,15.87463186347959,0.0
2024-02-03 21:00:00,51.25548696464596,17.230344373547805,0.0
2024-02-03 22:00:00,54.171844539468786,15.884113212589602,0.0
2024-02-03 23:00:00,54.07624917593779,19.00555246232473,0.0
2024-02-04 00:00:00,58.42705026586903,20.932434870954552,0.0
2024-02-04 01:00:00,61.64782124664851,20.878994936549166,0.0
2024-02-04 02:00:00,63.26228398927538,23.200700612120563,0.0
2024-02-04 03:00:00,66.32654818693085,26.3501883504053,0.0
2024-02-04 04:00:00,66.34296558774393,24.22578422593526,1.630289520904232
2024-02-04 05:00:00,69.27860570307617,25.222936181450617,0.0
2024-02-04 06:00:00,70.51889812361925,24.261942916338608,0.0
2024-02-04 07:00:00,67.52641970245108,25.010880294047414,0.0
2024-02-04 08:00:00,66.45475151644366,24.790398643904524,0.0
2024-02-04 09:00:00,66.77445228898318,23.730376246202884,0.0
2024-02-04 10:00:00,64.83957214573066,21.480304680291116,0.0
2024-02-04 11:00:00,60.335330423872065,21.50045699683812,0.0
2024-02-04 12:00:00,57.859813182904475,21.462195938717805,4.101064422389638
2024-02-04 13:00:00,55.42002494011425,19.154540539001907,0.0
2024-02-04 14:00:00,51.955549488965865,18.461987189071912,0.0
2024-02-04 15:00:00,50.32028024165039,16.227454124054663,1.03739933343646
2024-02-04 16:00:00,48.655605195403545,16.419773220501515,0.0
2024-02-04 17:00:00,47.902944172005164,15.449638706771172,0.0
2024-02-04 18:00:00,48.30531511261322,14.049089270312768,0.0
2024-02-04 19:00:00,48.924956469645764,15.488891873353495,0.0
2024-02-04 20:00:00,51.25024645496972,14.678176317637513,0.0
2024-02-04 21:00:00,50.30057814739564,15.831585819182424,0.0
2024-02-04 22:00:00,54.36432239847655,17.689328307292357,0.9350361333000837
2024-02-04 23:00:00,55.58782070474905,19.003149047867403,0.9675058783679252
2024-02-05 00:00:00,58.35053629034769,18.810767534922935,3.623355581333223
2024-02-05 01:00:00,61.673009943191744,22.348080996695447,2.1041540202407383
2024-02-05 02:00:00,62.29727797843747,23.072006278300357,0.0
2024-02-05 03:00:00,65.88347755804959,22.830805470321888,0.0
2024-02-05 04:00:00,46.96730037675506,22.792542222472996,0.0
2024-02-05 05:00:00,68.60170952689883,24.68472455236391,0.0
2024-02-05 06:00:00,68.74916864390782,24.554056286138838,4.092743603890424
2024-02-05 07:00:00,70.58455840280153,24.942769588498347,0.0
2024-02-05 08:00:00,66.5025140535931,23.96701035776664,1.0158271852393528
2024-02-05 09:00:00,65.03007085686383,21.528077045187814,1.3749954604677666
2024-02-05 10:00:00,62.87685947357537,22.11165306169891,2.201722815285082
2024-02-05 11:00:00,60.542713331865016,20.98847611444432,0.025695209367244818
2024-02-05 12:00:00,57.882612872693464,20.63366102477405,0.0
2024-02-05 13:00:00,57.13082608008252,18.007705099876432,0.0
2024-02-05 14:00:00,54.96050424798969,19.178674673372484,0.0
2024-02-05 15:00:00,50.908185894385056,14.552825543415508,0.0
2024-02-05 16:00:00,33.72066334679083,16.981040478880484,0.0
2024-02-05 17:00:00,49.38215729349575,14.946051897676568,1.3716392705635732
2024-02-05 18:00:00,48.02777695571903,15.859584872343556,1.0338439861519895
2024-02-05 19:00:00,49.56367355486484,15.250172352613397,0.0
2024-02-05 20:00:00,50.14266898300684,16.80942851710324,0.0
2024-02-05 21:00:00,50.02318807313705,16.077104129514332,0.0
2024-02-05 22:00:00,55.16750520133008,16.401379574822197,0.0
2024-02-05 23:00:00,57.83768722207015,20.126409061758373,0.0
2024-02-06 00:00:00,58.02721130951553,19.886519354117816,0.0
2024-02-06 01:00:00,60.85048889108922,21.515653699136813,0.0
2024-02-06 02:00:00,63.945865390724975,23.734751914044832,0.0
2024-02-06 03:00:00,66.07552460185242,22.50357866383826,0.0
2024-02-06 04:00:00,67.99879831051706,24.92561791656137,0.0
2024-02-06 05:00:00,70.35946280165705,24.239734374982458,0.0
2024-02-06 06:00:00,68.52305277250595,24.867830644355628,0.0
2024-02-06 07:00:00,67.57096101835224,24.901908096829636,0.0
2024-02-06 08:00:00,66.00093480982999,22.82990515747532,0.4786731216502829
2024-02-06 09:00:00,65.07013777192347,22.75669686311226,0.0
2024-02-06 10:00:00,63.70687302712628,23.851072892413175,0.0
2024-02-06 11:00:00,63.13274831454327,22.180286414097537,0.0
2024-02-06 12:00:00,58.242388700963744,19.93736042267272,0.0
2024-02-06 13:00:00,56.405597500613794,18.949028233000345,0.2780252675159898
2024-02-06 14:00:00,53.76357710392727,17.205757494363553,0.0
2024-02-06 15:00:00,35.72018657251738,17.821049479895322,0.0
2024-02-06 16:00:00,52.66667838802917,15.469520403283607,0.0
2024-02-06 17:00:00,48.61987296418901,15.402212960689512,0.0
2024-02-06 18:00:00,48.330560557481775,16.146030144142067,0.0
2024-02-06 19:00:00,50.21490261417835,14.392999383708732,0.0
2024-02-06 20:00:00,50.86163745178189,17.228662165574683,0.0
2024-02-06 21:00:00,53.62563951387057,14.934004684323888,0.0
2024-02-06 22:00:00,54.4439281853258,19.129642131112718,0.0
2024-02-06 23:00:00,55.922517458187905,18.33322919053551,0.0
2024-02-07 00:00:00,59.47065483069229,19.757301252174706,0.0
2024-02-07 01:00:00,62.586894031607905,19.404085054329556,0.0
2024-02-07 02:00:00,64.72048218119726,22.045205282622252,0.0
2024-02-07 03:00:00,66.48834184297274,22.495727374905837,0.0
2024-02-07 04:00:00,68.64692872743356,23.722480673548734,0.0
2024-02-07 05:00:00,69.75855385333631,24.69231816565644,0.0
2024-02-07 06:00:00,70.32215899103753,25.957791614472907,0.0
2024-02-07 07:00:00,69.25796815048032,25.037232482845965,0.0
2024-02-07 08:00:00,67.45313595752764,24.637803672323354,1.6435466158460248
2024-02-07 09:00:00,66.18778149829888,22.44001451708721,0.0
2024-02-07 10:00:00,65.18650896650837,21.61924591039728,0.0
2024-02-07 11:00:00,60.76125478003791,23.092820243863883,0.0
2024-02-07 12:00:00,59.36867330887303,19.264798965236817,1.7607636028204803
2024-02-07 13:00:00,56.02847073664775,20.36211302654485,0.0
2024-02-07 14:00:00,54.048744822934786,17.256938801119116,2.0459892608348653
2024-02-07 15:00:00,53.23738405074194,16.466754030210822,0.6007220125269065
2024-02-07 16:00:00,50.57084503017555,16.740238141307753,0.0
2024-02-07 17:00:00,49.43717828526553,16.44226329049335,0.2540121368202066
2024-02-07 18:00:00,47.70014385902008,14.889187439720912,0.0
2024-02-07 19:00:00,71.75122492395649,14.782127815033107,1.3870862599662876
2024-02-07 20:00:00,51.065230143296546,15.61395253255552,0.0
2024-02-07 21:00:00,54.18218691144004,16.802423622299408,0.0
2024-02-07 22:00:00,53.7922217650469,18.3913036868697,0.0
2024-02-07 23:00:00,56.7409598766387,18.71013463348153,0.0
2024-02-08 00:00:00,59.36938368371052,20.618886298023035,0.0
2024-02-08 01:00:00,42.26414252955935,22.932454957783612,0.0
2024-02-08 02:00:00,64.04470446761299,22.881309612264758,0.0
2024-02-08 03:00:00,66.50008933763563,23.847186761937422,0.0
2024-02-08 04:00:00,68.42815054756083,22.81121619383208,0.0
2024-02-08 05:00:00,69.01586738604702,22.198898994616265,0.0
2024-02-08 06:00:00,68.73356638544948,25.38837572923017,0.0
2024-02-08 07:00:00,69.04334825578904,24.734804900164495,0.0
2024-02-08 08:00:00,68.93388578770407,23.81534434400741,0.0
2024-02-08 09:00:00,65.25455251245444,23.779064110119094,0.0
2024-02-08 10:00:00,64.35296967414708,22.43959627080319,0.0
2024-02-08 11:00:00,61.11806963608617,22.42187547614657,2.4343637696472067
2024-02-08 12:00:00,60.4350466289249,20.086110868259006,0.0
2024-02-08 13:00:00,55.13862264419099,17.958981489417216,1.05163229721533
2024-02-08 14:00:00,53.701078152728556,18.490166238959365,0.0
2024-02-08 15:00:00,52.57614406319931,16.24733501912119,0.0
2024-02-08 16:00:00,52.18526999138996,16.196409664750114,0.0
2024-02-08 17:00:00,49.56499147603638,14.692960162361883,1.1942160094673746
2024-02-08 18:00:00,48.744800473306796,14.350173114502564,0.0
2024-02-08 19:00:00,51.531898806549904,15.254539098740352,0.0
2024-02-08 20:00:00,49.211732061739404,15.682701624621506,0.0
2024-02-08 21:00:00,50.06012623151434,16.944293129434044,0.0
2024-02-08 22:00:00,54.78001445005304,17.231354246690113,2.659984627043006
2024-02-08 23:00:00,56.25975532462221,16.869544990717014,0.0
2024-02-09 00:00:00,58.33876718286912,19.56722611641153,0.0
2024-02-09 01:00:00,62.66654689832448,22.08791369265638,0.0
2024-02-09 02:00:00,64.62380071377095,22.20262392075677,0.0
2024-02-09 03:00:00,65.89698918112882,23.28915050341822,0.0
2024-02-09 04:00:00,66.77994963917344,25.316503524828104,0.0
2024-02-09 05:00:00,69.94171559117075,24.11765590418638,0.11347213911877813
2024-02-09 06:00:00,70.07020117795867,23.4571967817571,0.0
2024-02-09 07:00:00,68.99008239911134,24.668998011919864,0.07685262962158387
2024-02-09 08:00:00,53.01253760432725,23.845953067673467,0.0
2024-02-09 09:00:00,65.4509830455395,22.56928758617957,0.0
2024-02-09 10:00:00,62.93447482907516,22.324621544101255,0.0
2024-02-09 11:00:00,61.36628238114404,21.785600872759424,0.0
2024-02-09 12:00:00,59.434413983644774,19.990711438432324,0.0
2024-02-09 13:00:00,57.145148998297664,19.012885847173724,0.0
2024-02-09 14:00:00,54.25876394214376,19.313407698515466,0.0
2024-02-09 15:00:00,52.79098758464883,16.121587232509704,0.0
2024-02-09 16:00:00,49.608206537965266,15.948221615722531,0.0
2024-02-09 17:00:00,28.37632530210214,14.661157505955504,0.0
2024-02-09 18:00:00,49.45784882160743,14.153640280113027,0.0
2024-02-09 19:00:00,51.00803756869738,14.585463215136858,0.0
2024-02-09 20:00:00,51.24247130853324,15.191114409556077,0.0
2024-02-09 21:00:00,52.95568540728826,16.823941891614364,0.0
2024-02-09 22:00:00,55.14976728023222,19.849075786700766,1.52952072737393
2024-02-09 23:00:00,57.44951810899194,17.98986133821147,2.2486596505706125
2024-02-10 00:00:00,60.24272275986716,19.583374694384347,0.0
2024-02-10 01:00:00,44.44278716707281,21.23097221240135,0.0
2024-02-10 02:00:00,64.81652116970129,22.895798848709653,0.0
2024-02-10 03:00:00,67.4100715694539,23.79908471788748,0.0
2024-02-10 04:00:00,68.21051834355714,25.614222812870302,0.0
2024-02-10 05:00:00,70.74937547834017,22.40323706091014,0.0
2024-02-10 06:00:00,68.98360769794073,22.613070129804328,0.0
2024-02-10 07:00:00,71.1301986958016,24.33375095943524,0.0
2024-02-10 08:00:00,68.30009608720003,25.427427206465897,0.0
2024-02-10 09:00:00,65.33029270974755,21.969885874327204,0.0
2024-02-10 10:00:00,64.82810441491087,19.492367660306282,0.0
2024-02-10 11:00:00,61.61713879355033,21.865274631731815,0.0
2024-02-10 12:00:00,60.560643548988644,20.243657223702677,0.0
2024-02-10 13:00:00,56.489185569672514,17.615696367688024,0.0
2024-02-10 14:00:00,54.2938165667855,16.51446039927921,0.0
2024-02-10 15:00:00,50.789391457188955,15.49472237443257,0.0
2024-02-10 16:00:00,50.64743964290661,15.780408298551786,0.0
2024-02-10 17:00:00,47.68686241048038,14.54405559237166,0.0
2024-02-10 18:00:00,48.19609717651428,15.49406391897552,0.0
2024-02-10 19:00:00,50.89115639325357,12.315744205650246,0.0
2024-02-10 20:00:00,51.9255461208064,14.813021115949985,0.41627242572357687
2024-02-10 21:00:00,53.16438974991949,15.338412133156211,0.0
2024-02-10 22:00:00,53.853023856870855,17.243659321627543,0.0
2024-02-10 23:00:00,57.194098192832975,18.167857015997342,0.0
2024-02-11 00:00:00,59.836397460909126,20.79784377989561,0.0
2024-02-11 01:00:00,61.27982576183244,19.434758453852435,0.0
2024-02-11 02:00:00,66.36339830176702,22.545491476330692,4.643864248072732
2024-02-11 03:00:00,67.81843010244111,24.093870329144423,0.0
2024-02-11 04:00:00,68.31928986401473,26.186774455484155,0.5628150770826598
2024-02-11 05:00:00,69.57614410188509,24.347863160351807,1.1898926964075744
2024-02-11 06:00:00,70.10838280794756,25.324458604352518,0.0
2024-02-11 07:00:00,67.52752339446647,23.025766338883013,2.7284337744484155
2024-02-11 08:00:00,68.3330766553239,21.938170814609215,0.0
2024-02-11 09:00:00,66.31908356386775,24.380308281714477,0.0
2024-02-11 10:00:00,63.93837999010511,22.49443970635194,0.0
2024-02-11 11:00:00,62.2570901581392,22.472607915311,0.0
2024-02-11 12:00:00,61.757686526849945,18.62659711103046,0.0
2024-02-11 13:00:00,58.02265241024158,19.225806914016037,0.0
2024-02-11 14:00:00,54.40882101021742,19.36881784054396,0.0
2024-02-11 15:00:00,53.4915149694908,16.884171702424585,0.0
2024-02-11 16:00:00,52.73910139874165,15.946454486668875,0.0
2024-02-11 17:00:00,51.27537542002208,15.178926949379008,1.1611896310804546
2024-02-11 18:00:00,74.85242969558465,13.429118542874088,0.0
2024-02-11 19:00:00,49.72380495940364,16.525943804264955,0.0
2024-02-11 20:00:00,52.077969275769334,15.059015341272808,0.0
2024-02-11 21:00:00,77.23327866169127,16.968949350450202,0.0
2024-02-11 22:00:00,55.955193220027624,15.93696569342869,0.0
2024-02-11 23:00:00,58.116981350656715,17.52644510997959,0.0
2024-02-12 00:00:00,61.12955271531938,21.435087399222258,0.0
2024-02-12 01:00:00,62.14295523946476,20.94679293655482,0.0
2024-02-12 02:00:00,66.41739406563401,23.95327547604239,0.7908966057052004
2024-02-12 03:00:00,67.37866741655769,23.457303246874122,0.0
2024-02-12 04:00:00,70.85551491046957,22.48822924596429,0.0
2024-02-12 05:00:00,69.10007044480109,25.72169673117705,0.0
2024-02-12 06:00:00,71.87596380316525,24.41010768224439,0.0
2024-02-12 07:00:00,70.00716904635331,25.528317944962374,0.0
2024-02-12 08:00:00,68.16883603422986,24.355337886462237,0.0
2024-02-12 09:00:00,66.75718197781138,21.99241567798998,0.0
2024-02-12 10:00:00,64.85965269180589,22.664294765370673,0.0
2024-02-12 11:00:00,63.202356397427266,23.490318367665477,0.0
2024-02-12 12:00:00,60.72283548803557,20.492986458514494,0.0
2024-02-12 13:00:00,57.0481095450362,18.648387021481923,0.0
2024-02-12 14:00:00,55.19564540773942,18.5753434019571,0.0
2024-02-12 15:00:00,55.301202546746254,16.675134559270305,0.0
2024-02-12 16:00:00,53.30728913225647,15.879407211340675,0.0
2024-02-12 17:00:00,51.0270654067834,14.078745696395583,0.0
2024-02-12 18:00:00,50.2980034781682,15.233848025789598,0.0
2024-02-12 19:00:00,50.73077306382757,16.2058142849716,0.0
2024-02-12 20:00:00,52.233263934886054,14.833810828977795,0.0
2024-02-12 21:00:00,52.19613962293581,17.888961915314056,0.0
2024-02-12 22:00:00,55.04262346257685,17.40829397585497,2.519854546228118
2024-02-12 23:00:00,56.05322547509695,17.81813526294873,0.0
2024-02-13 00:00:00,60.7192231226051,20.997632076920155,0.0
2024-02-13 01:00:00,63.56538639072786,21.00730098977429,2.055999175267226
2024-02-13 02:00:00,64.85681353770062,23.259514887486105,0.0
2024-02-13 03:00:00,68.99505457515556,23.243775273674228,0.0
2024-02-13 04:00:00,67.79448837484185,24.270300875392188,0.0
2024-02-13 05:00:00,68.56488338268093,25.323189335779663,0.0
2024-02-13 06:00:00,70.60445181855997,25.290897057590005,0.0
2024-02-13 07:00:00,71.09635656550287,22.83409735099362,0.0
2024-02-13 08:00:00,70.74418172930228,23.208883278827816,0.0
2024-02-13 09:00:00,67.02218354899652,24.464943890723543,0.0
2024-02-13 10:00:00,66.4986808334312,22.3678634110984,0.0
2024-02-13 11:00:00,62.97968198152486,20.770363922741364,0.0
2024-02-13 12:00:00,60.26737270005946,18.641425984742668,0.0
2024-02-13 13:00:00,58.74546948646166,17.626168453211644,0.0
2024-02-13 14:00:00,56.11232287841352,15.478201360038103,0.0
2024-02-13 15:00:00,51.8225400311503,16.36318537536574,0.0
2024-02-13 16:00:00,53.296286311881474,15.071435400496744,0.0
2024-02-13 17:00:00,52.21083309125674,14.203782977569325,0.0
2024-02-13 18:00:00,49.87443729849047,14.931876574832048,2.767119049532051
2024-02-13 19:00:00,51.24654527054666,15.534341499407363,0.0
2024-02-13 20:00:00,52.353776148438264,17.763070913287713,0.0
2024-02-13 21:00:00,53.71960595395838,14.95258267450402,0.0
2024-02-13 22:00:00,54.989694846154585,18.659381043300527,0.0
2024-02-13 23:00:00,57.290186181036276,19.679006335502237,0.0
2024-02-14 00:00:00,60.53444592900873,19.220907260623388,0.0
2024-02-14 01:00:00,64.33091947028429,21.497331180098488,1.3171962699403499
2024-02-14 02:00:00,66.12360015459424,22.04236675066229,0.0
2024-02-14 03:00:00,67.29045347977927,23.72122248635143,0.0
2024-02-14 04:00:00,70.03195274849271,25.839258032326732,0.0
2024-02-14 05:00:00,67.42071564226062,25.435235364076657,0.0
2024-02-14 06:00:00,71.76876570037211,25.508608373233443,0.0
2024-02-14 07:00:00,68.54954448411253,24.399319811490674,3.6383605851444494
2024-02-14 08:00:00,68.93781309644139,22.846070353997927,0.15021719266517405
2024-02-14 09:00:00,66.60139791723947,23.3270656953924,0.0
2024-02-14 10:00:00,64.36531852427917,23.706608154863957,0.0
2024-02-14 11:00:00,64.41901723840375,19.766927368922964,1.7978092388789573
2024-02-14 12:00:00,60.21229879868804,18.94491063182327,0.0
2024-02-14 13:00:00,58.44831343070591,18.832172510721666,0.0
2024-02-14 14:00:00,55.653079421120616,16.515345215152635,0.0
2024-02-14 15:00:00,35.511227963942275,15.671942646952134,0.0
2024-02-14 16:00:00,52.136567853215944,15.24627439934967,0.0
2024-02-14 17:00:00,49.787749512920776,13.80475346436452,0.6494070861006341
2024-02-14 18:00:00,51.736266819447145,14.025878153783632,0.0
2024-02-14 19:00:00,50.596985153948026,15.87379878534198,0.0
2024-02-14 20:00:00,50.54316406349567,14.362503198846747,0.0
2024-02-14 21:00:00,73.91313519401376,14.866593959572318,0.8779082445968491
2024-02-14 22:00:00,57.28075979063413,16.869975020466015,0.0
2024-02-14 23:00:00,59.05203129108816,19.43786027699718,0.0
2024-02-15 00:00:00,82.18973684829214,19.80307819200309,0.0
2024-02-15 01:00:00,63.04893274670683,20.82951414739701,0.0
2024-02-15 02:00:00,65.49836494878272,22.544358797515663,0.0
2024-02-15 03:00:00,69.97781579542607,21.78982647307296,0.0
2024-02-15 04:00:00,54.06989314200909,24.82483267269716,0.0
2024-02-15 05:00:00,70.93929991008171,25.213064162848962,0.9137865382088989
2024-02-15 06:00:00,71.89028345403185,24.59069152590428,0.0
2024-02-15 07:00:00,92.49896873102938,25.83555364324176,0.0
2024-02-15 08:00:00,69.28121189202365,23.202630919969135,0.0
2024-02-15 09:00:00,67.76471796278038,24.66344289918625,0.0
2024-02-15 10:00:00,44.88598046750023,22.65449366559539,0.0
2024-02-15 11:00:00,63.460968214515596,20.957542635634542,0.0
2024-02-15 12:00:00,61.64762954363713,19.98012636463176,0.0
2024-02-15 13:00:00,79.11371421761808,18.598640008676483,0.0
2024-02-15 14:00:00,56.672640077215554,18.720282896417707,0.0
2024-02-15 15:00:00,53.79821560802627,15.387786966596412,0.0
2024-02-15 16:00:00,52.37838115247161,14.907353741931159,0.0
2024-02-15 17:00:00,49.31254105257728,16.206673760627176,0.0
2024-02-15 18:00:00,51.89632767470248,14.40446506481614,0.0
2024-02-15 19:00:00,51.67723021300728,16.070903945886236,0.3009960407856958
2024-02-15 20:00:00,53.337756072015246,17.369308964086507,0.20213028959869234
2024-02-15 21:00:00,51.04267680994088,16.06267106712565,0.0
2024-02-15 22:00:00,58.10837470478035,18.18136232657512,0.0
2024-02-15 23:00:00,58.302219920819844,17.55221249314765,0.0
2024-02-16 00:00:00,62.14818281673726,20.75473329806768,0.0
2024-02-16 01:00:00,62.59828452389951,21.493519211499287,0.0
2024-02-16 02:00:00,66.6727739050625,22.97303828216018,0.0
2024-02-16 03:00:00,67.08765224869181,22.889961833897342,0.0
2024-02-16 04:00:00,69.11648507714864,22.669043603355043,0.0
2024-02-16 05:00:00,72.66328961675737,25.332881196194794,0.0
2024-02-16 06:00:00,70.90931759923664,22.936596847520544,0.0
2024-02-16 07:00:00,70.98669113607046,24.512278639202837,0.0
2024-02-16 08:00:00,70.65032176853322,25.271308885342197,0.0
2024-02-16 09:00:00,68.69674969983812,23.72743164180579,0.0
2024-02-16 10:00:00,66.29041890514355,24.448342644789797,0.0
2024-02-16 11:00:00,64.10315145349132,22.31920437809432,0.0
2024-02-16 12:00:00,63.563415585238644,19.346101611674605,2.663260568332381
2024-02-16 13:00:00,58.524190751941475,18.733218154338967,0.0
2024-02-16 14:00:00,56.38109904671513,17.452629297455644,0.0
2024-02-16 15:00:00,55.1695865841422,14.882289330721171,0.0
2024-02-16 16:00:00,53.64527189511361,14.72947406459346,0.0
2024-02-16 17:00:00,52.737772042669675,14.60960996157479,0.0
2024-02-16 18:00:00,51.85873022202918,12.963779497144063,0.0
2024-02-16 19:00:00,50.42773682437875,15.21786433680626,2.1716203327900625
2024-02-16 20:00:00,54.21317749445659,15.420801136424704,0.0
2024-02-16 21:00:00,53.03258679511572,14.79157219275563,0.0
2024-02-16 22:00:00,56.56263546523897,17.9042128652773,0.0
2024-02-16 23:00:00,57.927533698955436,19.42177751917836,0.0
2024-02-17 00:00:00,61.21586165340654,20.227034478864656,0.0
2024-02-17 01:00:00,64.20695286132886,20.97002705030372,0.0
2024-02-17 02:00:00,66.62135721545002,23.09144215175173,0.0
2024-02-17 03:00:00,68.80298856610061,24.215754266409355,4.2693556222748335
2024-02-17 04:00:00,71.59396530690297,24.63753058864185,0.0
2024-02-17 05:00:00,71.44279256440466,24.005016881010576,0.0
2024-02-17 06:00:00,71.09584336470935,25.27660076551118,1.9030377658827897
2024-02-17 07:00:00,71.97334543117915,26.025109782270874,0.0
2024-02-17 08:00:00,71.20972452676892,23.733497960310412,0.9936386747118611
2024-02-17 09:00:00,67.21345999672867,25.633473245065264,2.498789401475982
2024-02-17 10:00:00,66.97740006985,21.974369066014695,2.1542295314500333
2024-02-17 11:00:00,41.4466310665359,21.326502238852786,0.0
2024-02-17 12:00:00,61.10243649664002,19.327514403993668,0.0
2024-02-17 13:00:00,60.19751636228633,18.92917561040762,0.0
2024-02-17 14:00:00,56.26994441296783,15.757778307364902,0.21727875874509914
2024-02-17 15:00:00,54.4845086416059,15.918424295250455,0.0
2024-02-17 16:00:00,52.60667413787186,14.5777517807293,0.0
2024-02-17 17:00:00,51.806320784690826,15.305709216446967,0.0
2024-02-17 18:00:00,50.3637249131048,15.994447375508907,0.0
2024-02-17 19:00:00,50.37069085451503,15.816377055669212,0.0
2024-02-17 20:00:00,54.414251025380636,13.298213620218942,0.0
2024-02-17 21:00:00,53.57197083981593,18.506535746995013,0.0
2024-02-17 22:00:00,55.508607650543446,17.795279940620745,0.0
2024-02-17 23:00:00,56.76841943537088,17.929405633994296,3.252197610185984
2024-02-18 00:00:00,60.88103825231038,20.15712791899088,0.0
2024-02-18 01:00:00,62.795100657617674,21.47028504801528,0.0
2024-02-18 02:00:00,47.12204548742616,21.83315128304846,0.0
2024-02-18 03:00:00,69.6308849012082,23.73345057327486,0.0
2024-02-18 04:00:00,69.5321036926665,23.722654731301798,0.0
2024-02-18 05:00:00,73.48169406823493,24.425267138755284,0.02619117510281669
2024-02-18 06:00:00,72.56176548699159,24.313720864244914,0.0
2024-02-18 07:00:00,70.92442687938208,23.3969578417057,0.0
2024-02-18 08:00:00,67.7608483229708,24.475963489137573,0.0
2024-02-18 09:00:00,70.97201038445655,24.120833342449245,0.0
2024-02-18 10:00:00,65.23042753323625,23.0148835960763,0.0
2024-02-18 11:00:00,62.572791704068614,22.11402047814799,0.0
2024-02-18 12:00:00,62.662570432009865,20.32434021001498,0.0
2024-02-18 13:00:00,61.5015619553142,18.17317927627056,0.0
2024-02-18 14:00:00,58.04427281851056,18.33966386443121,0.0
2024-02-18 15:00:00,55.16284130818686,15.106948554225317,0.0
2024-02-18 16:00:00,53.614500303821124,14.76920159856544,0.0
2024-02-18 17:00:00,52.88415729588957,14.206170797131389,0.0
2024-02-18 18:00:00,52.458928589786765,16.08005605913931,5.524593496449628
2024-02-18 19:00:00,52.331933161078645,16.11315938269471,0.0
2024-02-18 20:00:00,53.16394706610743,16.157178218122777,0.0
2024-02-18 21:00:00,54.59633906023499,17.53639595927905,0.6116199780055868
2024-02-18 22:00:00,55.98603541113338,16.62071721758804,0.0
2024-02-18 23:00:00,58.88113447210762,19.054499894348176,0.0
2024-02-19 00:00:00,60.06704318580485,19.874825571616952,0.0
2024-02-19 01:00:00,64.25985082423021,22.1409773293974,0.0
2024-02-19 02:00:00,65.79140889284893,22.38477576744773,0.0
2024-02-19 03:00:00,67.75747849464966,23.15059101752263,0.0
2024-02-19 04:00:00,70.64014818899787,24.871035537483184,0.0
2024-02-19 05:00:00,72.86126054923531,25.705798298636587,0.0
2024-02-19 06:00:00,72.7383166060023,24.3316548051532,0.5939900729421788
2024-02-19 07:00:00,69.91875765926758,24.768553460093003,0.0
2024-02-19 08:00:00,69.51062590127417,23.271686385280596,0.0
2024-02-19 09:00:00,69.86183899985379,21.037472888439844,0.11635108945407227
2024-02-19 10:00:00,65.87751260646174,22.700459631413747,0.0
2024-02-19 11:00:00,64.23355730102816,21.903000581767216,0.0
2024-02-19 12:00:00,62.43005209902443,20.26206680908666,0.5225175157705177
2024-02-19 13:00:00,58.3334650941115,16.7563430567332,0.0
2024-02-19 14:00:00,57.005375506146194,17.14915056992364,0.0
2024-02-19 15:00:00,53.50490669321645,14.246118334016245,0.0
2024-02-19 16:00:00,52.65837831820445,17.039574088732014,0.0
2024-02-19 17:00:00,52.59052367125186,14.084316286436573,0.0
2024-02-19 18:00:00,29.56893576395748,16.255403609459897,0.0
2024-02-19 19:00:00,52.73121647506976,16.116240512238825,0.0
2024-02-19 20:00:00,53.28010816322877,14.769282628541664,0.0
2024-02-19 21:00:00,55.4514221425515,15.331681142799432,0.0
2024-02-19 22:00:00,57.20391413406454,17.850370216386274,0.0
2024-02-19 23:00:00,60.765949978948576,17.861580737304294,0.0
2024-02-20 00:00:00,62.12522450264793,20.102484642158217,0.0
2024-02-20 01:00:00,64.16878490989951,20.811267634705462,0.0
2024-02-20 02:00:00,67.14229750303245,20.71884158553445,0.0
2024-02-20 03:00:00,69.64436584090167,21.305065886808176,0.0
2024-02-20 04:00:00,70.74911410816999,24.556811267416737,0.0
2024-02-20 05:00:00,71.74984995409454,24.268071385114702,1.0670484876227344
2024-02-20 06:00:00,71.35800831219325,24.44691018308587,0.0
2024-02-20 07:00:00,71.06635734533974,25.525492970539123,4.1840080937289486
2024-02-20 08:00:00,69.33764876604491,25.503569295554747,0.0
2024-02-20 09:00:00,70.91064455505226,23.262989184570852,0.0
2024-02-20 10:00:00,65.85613676460893,22.15940129309025,1.8612826236006477
2024-02-20 11:00:00,64.00528525322946,21.79423825862657,0.0
2024-02-20 12:00:00,61.40159273443089,18.643064430300466,0.0
2024-02-20 13:00:00,60.436733925919235,18.929057829235095,4.066628983378421
2024-02-20 14:00:00,56.8450503217079,18.05188597182212,1.6801374788211565
2024-02-20 15:00:00,56.32667426080854,17.144696302485034,1.1578798356572526
2024-02-20 16:00:00,52.8262553379119,13.73312027857542,0.0
2024-02-20 17:00:00,52.78973589933318,14.409015598745746,0.0
2024-02-20 18:00:00,51.34465294674024,14.121736747176534,0.0
2024-02-20 19:00:00,77.32952450346309,15.270257822963865,0.0
2024-02-20 20:00:00,52.35214754312612,16.1506175608458,3.569517507789542
2024-02-20 21:00:00,55.44875289836164,17.961176501513286,0.0
2024-02-20 22:00:00,57.853776880931775,17.005034519631767,0.0
2024-02-20 23:00:00,84.01250808909218,18.208332276178044,0.0
2024-02-21 00:00:00,62.0547123411221,21.149672018878647,0.0
2024-02-21 01:00:00,64.70836975129167,21.590672164042854,2.3945934215463742
2024-02-21 02:00:00,67.30381147197909,23.767651511187964,0.0
2024-02-21 03:00:00,69.19406581023702,23.824261908942596,0.0
2024-02-21 04:00:00,71.90413315463937,23.17301040020896,1.3689851632861223
2024-02-21 05:00:00,74.15978126448195,23.496500776667492,0.0
2024-02-21 06:00:00,71.74250821499216,23.44848775094107,0.0
2024-02-21 07:00:00,70.59945528331164,25.491680966203834,0.0
2024-02-21 08:00:00,70.89197198949316,25.51872384200922,0.0
2024-02-21 09:00:00,71.9807771495198,25.384896047319117,0.0
2024-02-21 10:00:00,66.53632543203068,23.343105332323447,0.11384429161749168
2024-02-21 11:00:00,66.5773072564691,22.456933803047505,0.0
2024-02-21 12:00:00,64.03770081407674,19.419983667346468,0.018486974655112724
2024-02-21 13:00:00,59.22822130726701,17.549488957743645,1.9737397250173923
2024-02-21 14:00:00,57.94898307918539,18.35007933241761,0.0
2024-02-21 15:00:00,56.9473288112631,16.882146846306682,0.0
2024-02-21 16:00:00,53.3606182211681,15.777317355418688,0.0
2024-02-21 17:00:00,52.54716137700707,15.557742349187706,0.0
2024-02-21 18:00:00,51.83831908605136,15.323185482458205,0.8858391788967345
2024-02-21 19:00:00,51.75598500641638,16.454187728408186,0.0
2024-02-21 20:00:00,53.13046841708951,16.964858565894716,0.0
2024-02-21 21:00:00,54.1549919213722,17.008686446407573,0.0
2024-02-21 22:00:00,57.49408346825921,18.34580287256292,0.0
2024-02-21 23:00:00,59.111836317916215,19.219967326912204,0.0
2024-02-22 00:00:00,62.71378591179034,19.538830267965174,0.0
2024-02-22 01:00:00,63.522294804821804,22.05065990042586,0.0
2024-02-22 02:00:00,67.83088023221426,21.105504931140636,0.0
2024-02-22 03:00:00,70.41459677347429,24.589425458228565,0.0
2024-02-22 04:00:00,69.1865183952729,23.135604079156142,0.0
2024-02-22 05:00:00,72.56331483273826,25.115432418240076,0.0
2024-02-22 06:00:00,73.7676689924733,24.15484604157384,0.0
2024-02-22 07:00:00,70.99961724419958,25.383018114519817,0.0
2024-02-22 08:00:00,72.89282642468223,24.296201792994356,0.0
2024-02-22 09:00:00,70.06008682123166,21.94077794776948,4.37525904099726
2024-02-22 10:00:00,66.8749881442417,22.920699631018532,0.0
2024-02-22 11:00:00,65.12242137336754,20.71617444867991,0.0
2024-02-22 12:00:00,63.15832691252167,20.881146720813344,0.47156451187851
2024-02-22 13:00:00,60.09781494038707,18.707230463221737,1.0020266725706153
2024-02-22 14:00:00,58.15875599244667,17.89542098538819,0.0
2024-02-22 15:00:00,54.63825859505535,15.506897139052143,0.0
2024-02-22 16:00:00,54.14910678619178,15.08054074965049,0.0
2024-02-22 17:00:00,51.57702724020436,14.711732232453585,0.0
2024-02-22 18:00:00,52.548773938651294,15.856702480242555,3.2353695473285193
2024-02-22 19:00:00,52.1068340956444,16.847747956360084,0.0
2024-02-22 20:00:00,53.28421601956593,14.864701229334973,0.0
2024-02-22 21:00:00,56.85502536334473,17.54131423872483,0.0
2024-02-22 22:00:00,58.791310120594076,15.3303225822742,0.0
2024-02-22 23:00:00,60.73094766988183,17.511715373395038,0.0
2024-02-23 00:00:00,61.627687235327365,19.041221543813197,0.5959918845439888
2024-02-23 01:00:00,65.00178200133043,19.941586536071895,0.0
2024-02-23 02:00:00,68.95309769997878,20.916411610212222,0.0
2024-02-23 03:00:00,69.96278472550553,23.948532818070607,0.0
2024-02-23 04:00:00,73.73958357782594,24.11605932119426,0.0
2024-02-23 05:00:00,72.822576102285,25.209034529050424,0.0
2024-02-23 06:00:00,72.97204911649003,25.690472686121513,0.09029927824293278
2024-02-23 07:00:00,72.14014179868819,25.095246124617876,0.0
2024-02-23 08:00:00,71.59379494262663,24.987890195072552,0.27933275722706197
2024-02-23 09:00:00,69.72859797548523,23.46600161969062,0.0
2024-02-23 10:00:00,68.52810867668839,21.313006611694156,0.0
2024-02-23 11:00:00,66.37489276782004,22.351909406333522,0.0
2024-02-23 12:00:00,62.05401053949221,19.410887867218953,0.0
2024-02-23 13:00:00,58.930576595417094,17.77030847572501,1.0651583503586428
2024-02-23 14:00:00,56.023794626896695,17.3220821241956,0.0
2024-02-23 15:00:00,56.306923515047,15.551655174770717,0.0
2024-02-23 16:00:00,53.11637935598194,15.252442599088473,0.0
2024-02-23 17:00:00,51.07785114415692,15.514424790118165,0.5615449919715455
2024-02-23 18:00:00,53.28857860453096,15.348341739246127,0.0
2024-02-23 19:00:00,55.74374125454207,14.272540802129011,0.0
2024-02-23 20:00:00,35.95082837559485,15.18216760812905,0.0
2024-02-23 21:00:00,56.697422962586195,17.53879909883752,0.0
2024-02-23 22:00:00,58.02182935854767,17.996400117733995,0.0
2024-02-23 23:00:00,60.262919895783305,20.780969813835764,2.490089606355524
2024-02-24 00:00:00,63.87907648298749,21.180128173741387,0.0
2024-02-24 01:00:00,65.26791590683638,22.438388294072453,0.0
2024-02-24 02:00:00,68.24739231407182,21.112131449544155,0.0
2024-02-24 03:00:00,70.38276561806147,24.299394257566153,0.0
2024-02-24 04:00:00,70.9921635842011,24.27702021722516,0.0
2024-02-24 05:00:00,73.66130061242724,24.278647327907112,3.982736064693041
2024-02-24 06:00:00,72.84504024330458,25.168015340532527,2.9614086999457805
2024-02-24 07:00:00,71.9335131033979,25.774840666056857,0.36985054300437326
2024-02-24 08:00:00,72.23676388141487,24.830958609926444,3.4497139056706003
2024-02-24 09:00:00,69.22259983007449,22.657060104590702,0.0
2024-02-24 10:00:00,68.08818115736912,23.242458913592614,0.0
2024-02-24 11:00:00,65.64907145438146,20.656507683436867,0.0
2024-02-24 12:00:00,64.16589556583139,20.216683118964195,0.0
2024-02-24 13:00:00,60.97650778185503,18.402554707010406,0.0
2024-02-24 14:00:00,58.07497304125504,17.281133748264466,0.0
2024-02-24 15:00:00,56.856698487334896,17.230709069107814,0.0
2024-02-24 16:00:00,55.84995351117323,14.62967926126206,0.8905096166170134
2024-02-24 17:00:00,54.02855204346117,17.115565942831587,0.0
2024-02-24 18:00:00,53.15035261984338,13.178913930705503,0.9035871501970358
2024-02-24 19:00:00,52.178905504759065,14.572703185299757,0.0
2024-02-24 20:00:00,53.434632299080114,16.04008487101948,0.0
2024-02-24 21:00:00,55.79370748378014,17.04878026050271,0.0
2024-02-24 22:00:00,57.57048779784064,17.399524279428256,0.0
2024-02-24 23:00:00,60.41483824598934,18.648514071485852,0.0
2024-02-25 00:00:00,63.25664992489662,20.410550085327372,0.0
2024-02-25 01:00:00,66.32788320538155,21.063025748054727,0.0
2024-02-25 02:00:00,68.14950122194112,23.893181257935012,0.0
2024-02-25 03:00:00,70.78756945569151,24.37488302016426,0.0
2024-02-25 04:00:00,71.96472845265443,25.20295136992779,0.0
2024-02-25 05:00:00,70.93379169653679,23.863472408074916,0.0
2024-02-25 06:00:00,72.32066460618125,24.920611575594297,0.0
2024-02-25 07:00:00,72.78517070716904,24.529163182724623,0.0
2024-02-25 08:00:00,70.73055929500318,23.32452564323268,0.0
2024-02-25 09:00:00,70.96099654186189,23.895698089878604,0.0
2024-02-25 10:00:00,89.25182117914107,21.962354242220268,0.0
2024-02-25 11:00:00,67.11695230272319,21.94949905536317,0.0
2024-02-25 12:00:00,63.10655712906982,18.92980843710568,0.0
2024-02-25 13:00:00,62.232535685824686,20.42494538732919,0.0
2024-02-25 14:00:00,58.48866745720248,16.603667341408123,0.0
2024-02-25 15:00:00,55.941846217016725,16.68376843126782,0.0
2024-02-25 16:00:00,54.086343298614516,16.461732291465793,0.0
2024-02-25 17:00:00,53.40827205062123,14.599730438354568,0.0
2024-02-25 18:00:00,52.99182318145878,15.852468643432951,0.0
2024-02-25 19:00:00,53.901157959484806,13.941187270754243,0.0
2024-02-25 20:00:00,54.90031994320524,17.121990680260247,0.0
2024-02-25 21:00:00,56.34197820828806,16.478615359033082,0.0
2024-02-25 22:00:00,58.85693816974608,16.903588592030985,0.0
2024-02-25 23:00:00,62.03245582376091,18.406723002059852,0.0
2024-02-26 00:00:00,64.38955413544119,20.808919269392653,0.0
2024-02-26 01:00:00,64.5532924825747,20.709639933661865,2.026966909372242
2024-02-26 02:00:00,65.90607886509808,21.750642310577238,0.35260985123138233
2024-02-26 03:00:00,71.47538772310483,23.31399730834904,0.0
2024-02-26 04:00:00,70.77337533942878,23.153164906152135,0.0
2024-02-26 05:00:00,72.92449286099793,26.65017303938712,0.0
2024-02-26 06:00:00,72.32988697394065,24.433605408785276,0.0
2024-02-26 07:00:00,71.3672778253107,25.66124591762576,2.833251901727956
2024-02-26 08:00:00,72.72171676604918,24.53959710256997,2.6313383481697934
2024-02-26 09:00:00,71.36022297216847,22.550999855450947,0.0
2024-02-26 10:00:00,67.96348959927364,22.49404529078745,0.0
2024-02-26 11:00:00,63.54714815888007,22.078098004823236,0.0
2024-02-26 12:00:00,63.013755551747764,19.811738664913815,0.0
2024-02-26 13:00:00,61.37361355437749,19.8990177203385,0.4962119477579301
2024-02-26 14:00:00,57.10108843122593,18.521515392781897,1.1548986678773745
2024-02-26 15:00:00,56.70229210791407,17.383380948725787,0.0
2024-02-26 16:00:00,54.92443611298257,15.210216208804786,0.0
2024-02-26 17:00:00,54.53003323671036,14.090528420773147,0.0
2024-02-26 18:00:00,53.73958036841416,14.386412394637205,0.0
2024-02-26 19:00:00,52.99767279622771,15.366611809221352,3.648009153726514
2024-02-26 20:00:00,56.17631746381976,16.21565969460999,0.0
2024-02-26 21:00:00,56.42040261510753,14.2928946893068,0.0
2024-02-26 22:00:00,58.632695460490105,17.49188679838827,0.0
2024-02-26 23:00:00,60.14854158990117,18.86399399981037,0.7562091553759345
2024-02-27 00:00:00,63.23671774880813,19.72245574368427,0.0
2024-02-27 01:00:00,65.39338773699859,22.585369064528628,0.6380967717986442
2024-02-27 02:00:00,68.52705394007643,22.921780074250794,0.4702278836185304
2024-02-27 03:00:00,92.41813009915064,24.845725814013598,1.2151457539632453
2024-02-27 04:00:00,71.00835289491303,24.114166498571958,0.0
2024-02-27 05:00:00,71.77569686501381,25.767106623952202,0.0
2024-02-27 06:00:00,75.2111703274936,26.63506639452752,0.0
2024-02-27 07:00:00,73.1999345857389,26.141322580718043,0.0
2024-02-27 08:00:00,71.75118129918458,23.23798542549352,0.0
2024-02-27 09:00:00,71.88097249926166,23.28185782839041,0.0
2024-02-27 10:00:00,68.17438446026368,22.154835294550477,0.0
2024-02-27 11:00:00,68.20420016457213,21.78334976058892,0.9042504764008378
2024-02-27 12:00:00,64.47792587133917,20.68635355501448,0.0
2024-02-27 13:00:00,60.73389814082945,17.867012100461842,0.0
2024-02-27 14:00:00,60.97730821326575,17.567838513917064,0.0
2024-02-27 15:00:00,56.15321726513093,14.444538761910998,0.0
2024-02-27 16:00:00,55.92184133416499,17.11181798687973,3.657777052204323
2024-02-27 17:00:00,54.49003431751582,14.657996627877969,0.0
2024-02-27 18:00:00,55.1617412893988,15.055863939844498,2.0250136727774453
2024-02-27 19:00:00,55.77225293383606,14.860721154566543,0.0
2024-02-27 20:00:00,55.2517501112215,16.81590055609128,0.0
2024-02-27 21:00:00,56.06551431778816,13.626959652669791,0.0
2024-02-27 22:00:00,59.359972142938965,17.483389657674017,0.0
2024-02-27 23:00:00,60.644094179222606,18.600086016989657,0.0
2024-02-28 00:00:00,65.93338724752606,19.546363612408033,0.0
2024-02-28 01:00:00,66.65472578210803,23.02032177114828,0.0
2024-02-28 02:00:00,68.57467844868805,21.612670541144304,0.0
2024-02-28 03:00:00,71.20574811773015,24.30733008316829,0.0
2024-02-28 04:00:00,71.27312774831458,24.68637980762822,3.2324423161303155
2024-02-28 05:00:00,72.65764422437985,26.091148383980766,0.0
2024-02-28 06:00:00,75.18041390794443,24.332810915222495,0.0
2024-02-28 07:00:00,72.99236398391928,24.09666023232158,0.0
2024-02-28 08:00:00,71.61334305516267,25.426196926399705,3.499900093680927
2024-02-28 09:00:00,71.61772056439303,23.960855214262978,0.5165897046667026
2024-02-28 10:00:00,70.20570415466275,20.955062653323118,0.0
2024-02-28 11:00:00,67.33714376169047,20.75479021104943,0.0
2024-02-28 12:00:00,65.03604768580593,20.386382653848113,0.0
2024-02-28 13:00:00,60.70501446040535,19.543668996033997,2.055616084638298
2024-02-28 14:00:00,57.6381893332586,16.820769346807264,0.5637488034635579
2024-02-28 15:00:00,58.5002658400899,13.550210104250269,0.23144906373806018
2024-02-28 16:00:00,55.097066123313645,16.193096166814925,0.0
2024-02-28 17:00:00,54.17990872065434,13.950050178610717,0.0
2024-02-28 18:00:00,55.42819414184906,12.982661201877589,0.6332097191395866
2024-02-28 19:00:00,55.006971746509805,12.338044943570434,0.0
2024-02-28 20:00:00,55.91563373423723,16.48385384127555,0.0
2024-02-28 21:00:00,59.22393453303568,16.593083544472265,0.0
2024-02-28 22:00:00,58.49648176961952,17.27434361928758,7.797654386165731
2024-02-28 23:00:00,62.48964967705574,20.094929137450013,0.0
2024-02-29 00:00:00,64.21701312489743,20.63732468302325,0.0
2024-02-29 01:00:00,67.02678272988834,22.91039526823446,0.0
2024-02-29 02:00:00,70.7084684264125,21.107264527832985,0.0
2024-02-29 03:00:00,71.76890356815512,23.500983281978787,0.0
2024-02-29 04:00:00,73.3985501168938,22.71341364397407,0.0
2024-02-29 05:00:00,74.94176560020054,24.6002467995899,0.0
2024-02-29 06:00:00,73.85504727045712,24.751384146233324,0.0
2024-02-29 07:00:00,73.05004859555173,25.456242768708435,0.29851457862861913
2024-02-29 08:00:00,71.8554448438234,24.375690900064118,0.2723540727896467
2024-02-29 09:00:00,69.35471122248988,24.15894104421286,0.0
2024-02-29 10:00:00,71.31620712994025,23.203440133138862,6.4511141139538495
2024-02-29 11:00:00,65.75498208530337,23.44902390289567,0.0
2024-02-29 12:00:00,64.05874637641456,19.684703344714038,0.0
2024-02-29 13:00:00,61.4249962490861,17.76488207382113,0.0
2024-02-29 14:00:00,59.60740669780874,17.746083615316227,0.0
2024-02-29 15:00:00,74.08309532224864,15.662186066927744,0.0
2024-02-29 16:00:00,56.52021945051535,17.15183374951434,0.0
2024-02-29 17:00:00,54.0876642985405,14.887152829609485,0.0
2024-02-29 18:00:00,54.17287828621359,14.434423632126009,0.0
2024-02-29 19:00:00,54.97332168759769,14.699055147403577,0.0
2024-02-29 20:00:00,55.451054835971966,16.388290404549398,0.0
2024-02-29 21:00:00,58.90627776415444,16.306719110835733,0.0
2024-02-29 22:00:00,59.870974951638225,16.858333179869604,0.0
2024-02-29 23:00:00,62.536687335024105,20.371256692110677,0.0
2024-03-01 00:00:00,65.06288126866755,19.143830159338318,0.0
2024-03-01 01:00:00,68.17166430851074,21.329661299545705,0.0
2024-03-01 02:00:00,69.60102155870348,23.152306151610116,0.0
2024-03-01 03:00:00,70.2042358639095,21.904198795515605,1.691033596750769
2024-03-01 04:00:00,73.49994198959669,24.810387520327954,1.1439456988604064
2024-03-01 05:00:00,73.45790136909885,23.77452145596489,1.071763343312391
2024-03-01 06:00:00,73.93138331825025,25.822782780834004,0.0
2024-03-01 07:00:00,74.71562228164588,23.86697811952642,0.0
2024-03-01 08:00:00,74.37853710927818,25.022896050771134,3.5827744614649766
2024-03-01 09:00:00,71.58233938860128,24.64136697222733,0.0
2024-03-01 10:00:00,69.80883301259908,23.361436525632865,0.0
2024-03-01 11:00:00,68.8004053956605,21.545411873750734,0.0
2024-03-01 12:00:00,64.76075317948853,19.768699057070286,0.0
2024-03-01 13:00:00,64.54349266315562,18.12948519815277,1.3312879380415201
2024-03-01 14:00:00,60.10550964563137,18.971034690817017,0.0
2024-03-01 15:00:00,55.718169428978904,15.764970873899719,0.0
2024-03-01 16:00:00,56.653087583260245,14.63280690750786,0.0
2024-03-01 17:00:00,55.29190012199213,15.835739803587504,0.0
2024-03-01 18:00:00,55.86975275408275,14.203863196813504,0.0
2024-03-01 19:00:00,36.993175824968915,14.22030737108854,0.0
2024-03-01 20:00:00,55.801289978171916,14.226268718908079,0.0
2024-03-01 21:00:00,56.314633951844925,15.981556254606627,0.0
2024-03-01 22:00:00,59.410976742713764,17.4172849761034,0.0
2024-03-01 23:00:00,61.191289094765885,18.94899650214829,0.0
2024-03-02 00:00:00,64.0594765501952,20.951306244299445,0.0
2024-03-02 01:00:00,67.82676885544583,21.8209931491784,0.0
2024-03-02 02:00:00,71.32990450435099,22.309127780446616,0.0
2024-03-02 03:00:00,72.13573934168818,23.33733822955288,7.465941279284367
2024-03-02 04:00:00,72.14437097580934,24.84028448783744,1.5198750894735444
2024-03-02 05:00:00,74.79386093111077,26.102199294373882,0.0
2024-03-02 06:00:00,75.89663148664566,25.1263141994832,0.0
2024-03-02 07:00:00,73.75947535857131,24.36049827723494,0.0
2024-03-02 08:00:00,73.24623687117173,23.33726101783678,0.0
2024-03-02 09:00:00,71.8157560065946,22.09032864152047,0.0
2024-03-02 10:00:00,68.95510168691757,23.16626967204343,3.3881172281456817
2024-03-02 11:00:00,67.98647088486933,21.872073749152293,0.0
2024-03-02 12:00:00,64.63905185139241,20.577363525106755,0.9848305987637376
2024-03-02 13:00:00,62.60134199288247,18.577245328135664,0.0
2024-03-02 14:00:00,58.89250782219791,18.906934745891757,0.0
2024-03-02 15:00:00,57.28147388781106,15.98034759948242,0.0
2024-03-02 16:00:00,56.862127319983585,16.625142218285113,0.0
2024-03-02 17:00:00,54.777908585017634,15.131627973565157,0.0
2024-03-02 18:00:00,56.54696385123341,14.391649235320662,0.0
2024-03-02 19:00:00,54.77110555149467,15.762901175872399,0.0
2024-03-02 20:00:00,56.404430687907464,16.079509099761783,0.0
2024-03-02 21:00:00,58.71152302000763,16.821438853334197,0.0
2024-03-02 22:00:00,58.44163426706656,17.581278422055995,0.0
2024-03-02 23:00:00,60.5210007369942,18.668011692770655,0.0
2024-03-03 00:00:00,63.35434368542962,22.388371992870294,0.0
2024-03-03 01:00:00,68.74077455445219,22.478351870708675,0.0
2024-03-03 02:00:00,69.34814185410744,23.22282689498546,0.0
2024-03-03 03:00:00,74.5392670975333,23.647333064135914,0.0
2024-03-03 04:00:00,73.01600643918702,25.337284219518875,0.0
2024-03-03 05:00:00,74.77380956608776,25.34762390783681,0.0
2024-03-03 06:00:00,76.48210995256787,25.026204752774035,0.0
2024-03-03 07:00:00,54.090667775184926,24.526064806179463,0.0
2024-03-03 08:00:00,75.68175761448059,24.24920968125941,0.2509873915427347
2024-03-03 09:00:00,73.24943404245869,20.365108170054715,0.0
2024-03-03 10:00:00,71.00406252581146,22.710600839297644,0.0
2024-03-03 11:00:00,68.17071740022686,20.80561914540248,0.0004859278957248739
2024-03-03 12:00:00,65.77836107616703,21.592669998283085,0.0
2024-03-03 13:00:00,61.87062383264601,18.725248845299028,5.424579686447554
2024-03-03 14:00:00,59.20180111657789,16.31103658046514,0.0
2024-03-03 15:00:00,57.955557730723676,16.414585939939194,0.0
2024-03-03 16:00:00,56.20956133963072,14.623751896015317,3.0135090952069636
2024-03-03 17:00:00,54.93751368778218,15.643778284267196,0.0
2024-03-03 18:00:00,55.75638744745672,15.290947364339486,0.0
2024-03-03 19:00:00,56.36604694567988,16.128210499662952,0.0
2024-03-03 20:00:00,56.508152848447324,14.878991189383171,0.0
2024-03-03 21:00:00,59.49646226918965,16.498474190295337,0.0
2024-03-03 22:00:00,58.958310885865906,16.13497820457307,0.0
2024-03-03 23:00:00,62.32815008969505,19.4073995564121,0.0
2024-03-04 00:00:00,64.40317767939726,20.51887118044015,0.0
2024-03-04 01:00:00,65.85165383395173,21.789900246539972,0.0
2024-03-04 02:00:00,70.057319314157,22.501619031356796,0.0
2024-03-04 03:00:00,72.09932030348243,23.95030679672164,0.0
2024-03-04 04:00:00,75.33370378108644,25.93446612723075,2.0704641204774332
2024-03-04 05:00:00,75.46006994744543,24.544534874403315,0.0
2024-03-04 06:00:00,50.9123087031773,25.138645183710086,0.0
2024-03-04 07:00:00,76.70335082922499,23.743502832263992,0.0
2024-03-04 08:00:00,75.08128773336965,23.461866057323817,0.0
2024-03-04 09:00:00,72.8631655153343,23.63334719902615,0.0
2024-03-04 10:00:00,69.99351590115036,23.603933546702002,0.7740781449341289
2024-03-04 11:00:00,66.85875121430186,21.037814401261098,0.0
2024-03-04 12:00:00,64.86779322392957,19.764083470688185,1.5280854788663294
2024-03-04 13:00:00,63.75055816867894,18.299019529983006,0.0
2024-03-04 14:00:00,62.1445863059345,16.965243329155623,0.0
2024-03-04 15:00:00,59.74217571640696,16.759437549776212,0.0
2024-03-04 16:00:00,56.13089654036948,14.172615335899232,0.0
2024-03-04 17:00:00,54.51112430382021,16.45131044522134,0.0
2024-03-04 18:00:00,55.4408862469112,14.33457770187054,0.0
2024-03-04 19:00:00,53.882302371546466,15.892274353992796,0.0
2024-03-04 20:00:00,56.98291367634015,14.399874383683805,1.0293148383734967
2024-03-04 21:00:00,58.111329601835564,17.133306224613335,3.0583913026271987
2024-03-04 22:00:00,59.87396349813196,18.171944607814602,0.0
2024-03-04 23:00:00,61.16710648170777,19.09010684649318,0.0
2024-03-05 00:00:00,65.87360010656955,19.005571478200128,0.0
2024-03-05 01:00:00,67.42548961136323,21.543643415110648,0.0
2024-03-05 02:00:00,69.21008316428923,21.31694381526537,0.9442094843326814
2024-03-05 03:00:00,69.5888055985839,23.28277065083659,0.0
2024-03-05 04:00:00,74.03273913279385,25.35954011987757,0.0
2024-03-05 05:00:00,76.84150985956035,25.626331058516044,0.0
2024-03-05 06:00:00,77.08125921454787,25.015182942540434,0.0
2024-03-05 07:00:00,74.6321620063046,23.85482255552259,0.0
2024-03-05 08:00:00,73.49804197748263,24.9757147310964,0.0
2024-03-05 09:00:00,72.98984206794046,23.554915143630744,0.0
2024-03-05 10:00:00,69.46161456081208,20.179684401769766,0.0
2024-03-05 11:00:00,68.35998235084502,22.076725051829293,0.0
2024-03-05 12:00:00,66.24608027838438,19.975767166130154,0.0
2024-03-05 13:00:00,64.12874277285927,19.908356022470553,0.0
2024-03-05 14:00:00,60.399845923520125,16.404729481157233,0.0
2024-03-05 15:00:00,58.23525843795756,13.287762280871265,0.0
2024-03-05 16:00:00,55.9817633753993,15.948956839423115,0.0
2024-03-05 17:00:00,55.04386138306942,15.46193454523661,0.0
2024-03-05 18:00:00,55.31352110809847,13.309328372393548,0.0
2024-03-05 19:00:00,56.25810724392543,14.191871322688021,0.0
2024-03-05 20:00:00,57.813330588388794,18.42509072479767,0.0
2024-03-05 21:00:00,57.69575323745373,16.158855479913235,0.0
2024-03-05 22:00:00,62.07268856895954,18.230958976376225,0.0
2024-03-05 23:00:00,62.730685947932336,18.055244947119068,0.0
2024-03-06 00:00:00,65.57863270565119,17.90969710114666,0.5514971428440084
2024-03-06 01:00:00,67.4509787718771,21.123836978716557,5.501672356578116
2024-03-06 02:00:00,46.224122818347574,22.234395439714056,0.0
2024-03-06 03:00:00,73.58511320822643,23.135655667264324,0.0
2024-03-06 04:00:00,75.0370979349368,24.21548618341579,0.0
2024-03-06 05:00:00,75.02793070577233,25.09389740309091,0.0
2024-03-06 06:00:00,75.72699071722487,24.849883048746193,0.0
2024-03-06 07:00:00,75.84519748059472,23.565622963497947,0.46457678276248454
2024-03-06 08:00:00,72.77770818095797,24.816311810484194,0.0
2024-03-06 09:00:00,72.2320151345193,21.586162150610374,0.7615967654138027
2024-03-06 10:00:00,71.4942646796219,20.449642542715836,0.0
2024-03-06 11:00:00,67.0439010278565,22.033275720214444,0.0
2024-03-06 12:00:00,66.01355793216655,20.507020272135314,0.0
2024-03-06 13:00:00,61.78522774435122,18.648509409413276,0.0
2024-03-06 14:00:00,61.2064299824338,16.10455149524506,0.0
2024-03-06 15:00:00,81.24490000373879,15.756555153393265,0.0
2024-03-06 16:00:00,55.48461414625046,15.407126233391478,0.0
2024-03-06 17:00:00,57.27548109156649,13.574476899980551,0.0
2024-03-06 18:00:00,55.045408423201955,14.260971341976767,0.0
2024-03-06 19:00:00,55.32048930009481,15.822701206731281,0.0
2024-03-06 20:00:00,57.34031515938637,17.097178345366935,0.0
2024-03-06 21:00:00,59.88756953756345,16.045031341408816,0.0
2024-03-06 22:00:00,59.80417818102144,18.256488354316016,0.0
2024-03-06 23:00:00,63.303489398822656,16.791844703899876,0.0
2024-03-07 00:00:00,66.26881650033054,20.6594512411136,0.38234630894217964
2024-03-07 01:00:00,69.13129605828787,20.49014681078488,0.0
2024-03-07 02:00:00,89.00931359809063,22.807345616708037,0.0
2024-03-07 03:00:00,72.57403997278192,23.28778148769291,0.0
2024-03-07 04:00:00,73.71266381719555,25.65054102870597,0.9543348742035075
2024-03-07 05:00:00,75.63540214593702,23.955193483105404,0.0
2024-03-07 06:00:00,74.8278609880144,25.62760629756183,0.0
2024-03-07 07:00:00,72.64790777939608,24.550121668148808,0.0
2024-03-07 08:00:00,75.01681384200201,24.171821540912507,0.0
2024-03-07 09:00:00,73.90500265295194,23.351680012773663,0.0
2024-03-07 10:00:00,68.57706756445842,21.654326895506014,0.0
2024-03-07 11:00:00,67.52845974631492,21.27999625960576,0.0
2024-03-07 12:00:00,66.57915426100531,19.93735177787824,0.20543637610914015
2024-03-07 13:00:00,65.43930501868653,18.947145022894144,0.0
2024-03-07 14:00:00,61.00079370767587,17.58450514569309,0.0
2024-03-07 15:00:00,58.190929246905704,17.262460643679656,0.0
2024-03-07 16:00:00,57.15684952105067,16.59338159712512,0.0
2024-03-07 17:00:00,57.725618156257575,14.119747546726892,0.0
2024-03-07 18:00:00,55.37403582087546,15.86877250059077,0.0
2024-03-07 19:00:00,55.57154973045904,13.984034441444791,0.0
2024-03-07 20:00:00,56.89700243997329,16.2577288692154,0.0
2024-03-07 21:00:00,58.02560357987586,17.08420487877016,0.0
2024-03-07 22:00:00,61.18267031599494,15.588683108337566,3.188581464927305
2024-03-07 23:00:00,65.10648800744404,18.79888402101665,0.0
2024-03-08 00:00:00,66.4030792731158,19.531503886639566,0.0
2024-03-08 01:00:00,68.42583694889824,20.53532996757688,0.0
2024-03-08 02:00:00,70.8081887310844,23.850852330698977,0.0
2024-03-08 03:00:00,71.61787700316883,22.881854765295326,0.0
2024-03-08 04:00:00,75.66336381499131,23.52375008980403,1.983740380296158
2024-03-08 05:00:00,75.71142106587779,24.905324071450387,0.0
2024-03-08 06:00:00,75.95952008640937,25.685589746298415,0.0
2024-03-08 07:00:00,79.00236583073558,24.687980545435238,0.0
2024-03-08 08:00:00,75.11900694621013,25.496497564591476,0.0
2024-03-08 09:00:00,89.82260498826358,24.06650956789684,0.0
2024-03-08 10:00:00,70.7536424037949,20.321788680268792,0.0
2024-03-08 11:00:00,69.92663616022182,20.764628262005527,2.2137651725127077
2024-03-08 12:00:00,66.31327041053811,19.43815790064847,0.0
2024-03-08 13:00:00,43.83951978077019,19.185265727916942,0.0
2024-03-08 14:00:00,62.13922893457535,14.875182943625962,4.888434688339587
2024-03-08 15:00:00,58.49078810259599,19.013475802785216,0.0
2024-03-08 16:00:00,59.45304373837317,16.200899075972018,0.0
2024-03-08 17:00:00,57.67078980282395,15.319247672472338,0.0
2024-03-08 18:00:00,55.81267810434125,16.181567716419146,0.0
2024-03-08 19:00:00,57.89175809884435,17.514024921367245,0.0
2024-03-08 20:00:00,57.68760147268319,16.540619625666295,1.0649137964176394
2024-03-08 21:00:00,60.071705863256646,17.413279190538834,0.0
2024-03-08 22:00:00,38.98956580305379,17.63069002446436,0.0
2024-03-08 23:00:00,62.87545289398341,18.56437902112019,0.0
2024-03-09 00:00:00,65.67645016768209,19.524204555994874,1.9023232799501475
2024-03-09 01:00:00,69.94815126860657,20.46798323379816,0.0
2024-03-09 02:00:00,71.00522466789322,21.812985900300383,0.0
2024-03-09 03:00:00,73.01741934862335,22.184977941589686,0.0
2024-03-09 04:00:00,74.06513145849497,24.25425556823714,0.0
2024-03-09 05:00:00,76.452857328484,23.14496155421888,0.04446365579278591
2024-03-09 06:00:00,53.51670696436551,25.19091652414371,3.395205209131518
2024-03-09 07:00:00,74.98172534863637,24.79329852340298,0.0
2024-03-09 08:00:00,75.0844734945173,24.477062317308963,0.0
2024-03-09 09:00:00,74.89328836728107,23.01340233591283,0.0
2024-03-09 10:00:00,71.34035860875493,25.57686037018082,0.0
2024-03-09 11:00:00,69.47056224727501,22.654211125692953,0.0
2024-03-09 12:00:00,65.37760647185311,18.755457499915273,0.0
2024-03-09 13:00:00,64.2901166461829,18.938772861914522,0.0
2024-03-09 14:00:00,61.27285573499579,16.891993857062843,0.1443799558969788
2024-03-09 15:00:00,60.38466218381419,15.449986367359752,0.0
2024-03-09 16:00:00,59.00713201372047,14.329800909953926,1.4706708565171323
2024-03-09 17:00:00,59.42030537912797,15.60258755931393,0.0
2024-03-09 18:00:00,57.07963317321357,14.318619764930427,0.0
2024-03-09 19:00:00,57.17653805369135,16.138196892579796,1.0979059418306172
2024-03-09 20:00:00,58.05413026373301,16.663655195608275,0.0
2024-03-09 21:00:00,59.105765895323586,17.838380479278587,0.0
2024-03-09 22:00:00,61.87848384346145,16.647613233925778,0.0
2024-03-09 23:00:00,63.666408138835585,19.181270385179317,0.0
2024-03-10 00:00:00,66.72846097626895,20.632454216641968,4.135904810230442
2024-03-10 01:00:00,70.47578798663316,20.819917050408634,0.7990994780088305
2024-03-10 02:00:00,70.57345743472042,21.728228042607157,0.0
2024-03-10 03:00:00,74.80094637299423,25.145054571708563,0.0
2024-03-10 04:00:00,76.57736910518409,24.557622894654166,0.0
2024-03-10 05:00:00,76.15118973589968,25.465596882157122,0.0
2024-03-10 06:00:00,74.49814510099141,24.177923988172072,0.0
2024-03-10 07:00:00,75.68143627579626,23.610344664923158,0.0
2024-03-10 08:00:00,76.59724858440549,23.760677244430077,0.0
2024-03-10 09:00:00,73.69819974956691,23.411512518542903,0.0
2024-03-10 10:00:00,70.66069776770493,21.43577999318257,0.0
2024-03-10 11:00:00,68.75341552979727,21.284250416862363,0.0
2024-03-10 12:00:00,67.52062002650476,18.311494811931603,0.0
2024-03-10 13:00:00,64.64854311717629,17.58585735201758,3.6832413890060955
2024-03-10 14:00:00,61.461067900830834,18.17091124827714,1.9230709544403843
2024-03-10 15:00:00,59.2721077763198,17.068256614345138,0.0
2024-03-10 16:00:00,57.66798781311172,15.277996215690907,0.0
2024-03-10 17:00:00,56.14833155261091,14.15260655947775,3.52669693730428
2024-03-10 18:00:00,58.35537568946944,13.97259644847399,3.104935998776456
2024-03-10 19:00:00,56.76842126789808,14.797102622613394,0.5996041655010604
2024-03-10 20:00:00,59.316904482981066,16.314391472723077,0.0
2024-03-10 21:00:00,61.220248240056975,17.39271178541159,0.48377272720927317
2024-03-10 22:00:00,62.778310898147545,17.00346826451782,0.0
2024-03-10 23:00:00,63.770189236256364,17.55241234850242,0.0
2024-03-11 00:00:00,67.20373009033686,20.267843637866463,0.3935604672200644
2024-03-11 01:00:00,69.37399484463407,20.470560254886642,0.0
2024-03-11 02:00:00,70.91629813926976,21.981747361138737,1.0841149231384841
2024-03-11 03:00:00,74.22542709358703,24.860809996369753,0.0
2024-03-11 04:00:00,74.3212142466843,25.15724244748783,1.2954066485855595
2024-03-11 05:00:00,77.69693765135227,24.98760344369681,0.0
2024-03-11 06:00:00,76.39538270270161,23.72808099888728,0.05920918384234496
2024-03-11 07:00:00,76.7304179187636,25.041025698916037,0.0
2024-03-11 08:00:00,75.82354190939061,25.392784309709768,0.0
2024-03-11 09:00:00,73.70216283816188,23.159900240167445,0.0
2024-03-11 10:00:00,72.4866938014753,23.851114089986726,0.0
2024-03-11 11:00:00,69.02328679440262,22.586840515030783,0.0
2024-03-11 12:00:00,67.79129729745766,21.663732832143683,0.0
2024-03-11 13:00:00,62.99582986872836,19.01114790101891,0.0
2024-03-11 14:00:00,62.06637957954614,18.087391699805874,0.0
2024-03-11 15:00:00,61.817861187192925,17.878653382398408,0.0
2024-03-11 16:00:00,57.29941463755008,16.117266918146804,0.46152948777547165
2024-03-11 17:00:00,56.63299676658446,14.669136760764445,0.0
2024-03-11 18:00:00,57.49390784965892,14.551457163472138,0.0
2024-03-11 19:00:00,79.234161951966,15.40892582232842,0.0
2024-03-11 20:00:00,58.69037606142902,14.379311559131512,0.0
2024-03-11 21:00:00,60.428119318282036,16.32120717870299,0.0
2024-03-11 22:00:00,62.654721468561654,18.5965471182302,0.0
2024-03-11 23:00:00,40.63188191854398,16.514650923321817,1.2494179129627192
2024-03-12 00:00:00,67.44981865692856,21.534482101794538,0.0
2024-03-12 01:00:00,69.39693279640679,22.416469444215824,0.0
2024-03-12 02:00:00,72.73257370120243,22.040235384169367,0.0
2024-03-12 03:00:00,76.0409497467605,24.078924733804453,0.0
2024-03-12 04:00:00,75.60762029146201,24.333274745828618,0.0
2024-03-12 05:00:00,75.77472895822002,26.059619499884015,0.0
2024-03-12 06:00:00,78.20708066928697,25.98268314276994,0.0
2024-03-12 07:00:00,76.64887709893722,23.429558408262398,0.0
2024-03-12 08:00:00,73.60758449183056,24.917389432386475,0.0
2024-03-12 09:00:00,90.56142797882788,23.329906052289406,3.0749030931106955
2024-03-12 10:00:00,71.60467181404628,22.582832570518203,0.0
2024-03-12 11:00:00,85.95739459866294,20.56592332454286,0.0
2024-03-12 12:00:00,67.49198033056908,21.748137069120872,0.0
2024-03-12 13:00:00,64.7723092287544,19.74596659439024,0.0
2024-03-12 14:00:00,62.889451817138955,16.76022883602699,6.888575325455572
2024-03-12 15:00:00,59.683445817564554,15.129855487156963,0.0
2024-03-12 16:00:00,59.05285176033185,15.284200350100033,0.0
2024-03-12 17:00:00,57.29119505952545,15.604873514645991,0.06675268714508853
2024-03-12 18:00:00,57.9588104808875,15.240205843946223,0.0
2024-03-12 19:00:00,58.18610922112237,16.423503693322896,0.0
2024-03-12 20:00:00,57.64430726011105,16.45979270325867,0.0
2024-03-12 21:00:00,61.26491430430925,17.434035119820017,0.0
2024-03-12 22:00:00,61.72403655488566,17.826855400610288,0.0
2024-03-12 23:00:00,65.48986734725622,17.316606044276554,1.5899210419645589
2024-03-13 00:00:00,67.64728731340116,19.80430146885301,0.0
2024-03-13 01:00:00,71.71637412782025,22.354184965421226,0.0
2024-03-13 02:00:00,48.60766177333862,22.44847707147535,0.0
2024-03-13 03:00:00,92.44493747524746,24.038624274556312,0.0
2024-03-13 04:00:00,75.96083443195674,24.0113787036761,0.0
2024-03-13 05:00:00,76.68607848005632,23.799817282903458,0.0
2024-03-13 06:00:00,78.13994190194205,24.876655935953888,3.3500130572165574
2024-03-13 07:00:00,75.39294765445412,25.138676574478012,0.2845192968126334
2024-03-13 08:00:00,74.96657161869834,23.674439299460907,0.5315705194003603
2024-03-13 09:00:00,73.37326489028626,23.299822661076057,1.2079684602792922
2024-03-13 10:00:00,73.33030759197347,21.560536758013967,0.0
2024-03-13 11:00:00,71.6888038236075,22.41334014307688,0.0
2024-03-13 12:00:00,67.29555078146282,19.70554424241211,1.1859971828494513
2024-03-13 13:00:00,64.65298782578442,20.1586603196134,0.0
2024-03-13 14:00:00,62.49005216311328,19.02874785054096,0.0
2024-03-13 15:00:00,61.52081049074273,16.38342012934553,0.0
2024-03-13 16:00:00,57.852392827965296,14.661424248530583,0.0
2024-03-13 17:00:00,58.02911071984421,13.084472990821375,1.149071111489301
2024-03-13 18:00:00,58.43519762978243,13.527962926973208,0.0
2024-03-13 19:00:00,58.3118359070491,13.796536043655966,0.0
2024-03-13 20:00:00,59.00932757875428,17.048342608539272,1.7385144088872106
2024-03-13 21:00:00,61.41997828070161,16.58029068129418,0.0
2024-03-13 22:00:00,59.79676770700027,17.88960452409174,0.0
2024-03-13 23:00:00,65.59968486850579,16.485483765552313,0.0
2024-03-14 00:00:00,66.86592431687275,18.80203357078283,1.7136913449080224
2024-03-14 01:00:00,68.28755755416846,22.181175001958746,0.0
2024-03-14 02:00:00,73.05120259952479,22.78677411238249,0.0
2024-03-14 03:00:00,75.99472635702793,23.388328627246892,0.0
2024-03-14 04:00:00,76.08280552321666,24.8949693775223,0.0
2024-03-14 05:00:00,78.18213281009362,26.46542693758116,3.8283795751434875
2024-03-14 06:00:00,79.19227825798865,24.77895753646295,0.5966490237930953
2024-03-14 07:00:00,78.56417271647483,24.898998934103457,0.0
2024-03-14 08:00:00,77.90021856721565,24.522723937653424,0.0
2024-03-14 09:00:00,75.4231953029375,25.9276435412068,0.8106554567425681
2024-03-14 10:00:00,72.69543363890168,20.400643735581017,1.8079653006679
2024-03-14 11:00:00,68.61622463912805,21.977318240301422,0.18905151552804583
2024-03-14 12:00:00,67.39393751187055,19.885197751241186,1.8628848955363142
2024-03-14 13:00:00,64.21856295365846,19.2726765006715,0.0
2024-03-14 14:00:00,64.83094271749809,16.842627446005416,0.0
2024-03-14 15:00:00,60.42304637570236,16.415501063208897,0.0
2024-03-14 16:00:00,59.142950768940175,16.38128356054334,0.0
2024-03-14 17:00:00,58.58222711314995,18.283281069598583,0.0
2024-03-14 18:00:00,57.743602446372456,15.808036189402072,0.0
2024-03-14 19:00:00,59.745792777540096,14.322305270524163,0.0
2024-03-14 20:00:00,58.437096600420965,15.246113299055008,0.0
2024-03-14 21:00:00,60.853539643371555,16.011051985683302,0.0
2024-03-14 22:00:00,61.997529414302264,15.704356827370141,0.0
2024-03-14 23:00:00,63.84178703775397,18.3758145827859,0.0
2024-03-15 00:00:00,67.14823090909468,20.732829081821723,0.0
2024-03-15 01:00:00,70.32115365397628,20.019863106435555,0.0
2024-03-15 02:00:00,72.35069777548237,23.548482651050403,1.2120416411985293
2024-03-15 03:00:00,74.16864683199178,24.023308727017152,0.0
2024-03-15 04:00:00,75.05393657417241,23.59589369695109,0.0
2024-03-15 05:00:00,77.38615269026194,24.688099494107473,0.0
2024-03-15 06:00:00,76.315279625969,26.59832180764103,0.0
2024-03-15 07:00:00,78.24931422658044,25.56317694495128,0.0
2024-03-15 08:00:00,76.58269379077885,24.338910673820322,0.0
2024-03-15 09:00:00,49.5643825487718,23.297850588971695,0.0
2024-03-15 10:00:00,72.55079092295041,22.5766090704518,0.0
2024-03-15 11:00:00,69.70603404543485,20.782331667570414,0.0
2024-03-15 12:00:00,68.1991745104199,17.895250494281346,0.286622234615154
2024-03-15 13:00:00,66.642259994998,20.748082685022155,0.09829169295144329
2024-03-15 14:00:00,61.02482753035423,17.65532499919939,0.0
2024-03-15 15:00:00,60.95395826728227,16.862613359189965,0.0
2024-03-15 16:00:00,59.099613166589165,15.61196523120099,0.0
2024-03-15 17:00:00,58.9420818135597,14.435254067830034,0.0
2024-03-15 18:00:00,58.15319662823769,14.81407551905123,0.0
2024-03-15 19:00:00,57.538772405370466,13.570976106360332,0.0
2024-03-15 20:00:00,58.98069202648898,17.946959479131102,0.0
2024-03-15 21:00:00,60.10290633133067,15.229954095644684,0.0
2024-03-15 22:00:00,64.05600713859872,16.46803371615288,0.0
2024-03-15 23:00:00,65.4231211976464,18.26564557010083,0.7400070711451824
2024-03-16 00:00:00,69.90119068575275,21.28807572485225,0.0
2024-03-16 01:00:00,70.53752963721043,21.308604224775173,8.517274656679415
2024-03-16 02:00:00,72.31159323308897,21.263864203969252,0.0
2024-03-16 03:00:00,73.58735341925265,24.78987226669008,0.27926897841067283
2024-03-16 04:00:00,74.89711436158849,25.061127645707696,0.0
2024-03-16 05:00:00,76.1251223198851,25.368064088661743,0.0
2024-03-16 06:00:00,78.32712665101148,25.71573424117084,0.0
2024-03-16 07:00:00,78.23798328612052,27.223991032027744,0.0
2024-03-16 08:00:00,75.15906333581232,26.51522191395834,6.514177412440875
2024-03-16 09:00:00,76.05610612594162,22.84881856292946,0.0
2024-03-16 10:00:00,72.61693894831703,24.123884992811384,0.0
2024-03-16 11:00:00,70.84498346301119,21.67726341527172,0.0
2024-03-16 12:00:00,69.73222062825522,20.499095816137647,0.0
2024-03-16 13:00:00,66.43864886484059,17.0136339428442,0.0
2024-03-16 14:00:00,62.87146935209433,17.329614234611885,0.0
2024-03-16 15:00:00,60.18773996271931,15.651642503730733,0.0
2024-03-16 16:00:00,57.34793056082661,16.497931795971265,2.1227664091691523
2024-03-16 17:00:00,57.791588417866876,16.241451368957456,1.0764519874097542
2024-03-16 18:00:00,57.96886976117231,12.925513648983689,0.0
2024-03-16 19:00:00,57.543562209958054,15.148336004550346,0.0
2024-03-16 20:00:00,59.40848899506319,16.791734485872,0.0
2024-03-16 21:00:00,61.215784071092784,16.277787131753563,0.0
2024-03-16 22:00:00,62.99514401819186,18.229063645002334,0.0
2024-03-16 23:00:00,64.99180696815135,19.057070242114484,3.08044508288559
2024-03-17 00:00:00,68.40865467196625,20.341660231952392,0.0
2024-03-17 01:00:00,49.86508628803173,21.02278024744412,0.24435998409683773
2024-03-17 02:00:00,72.1696009225574,21.283419195864408,2.3737118082640003
2024-03-17 03:00:00,76.7520001916116,22.414003758507636,1.1651706705677765
2024-03-17 04:00:00,76.84166590556006,25.03947953337748,5.800291011492512
2024-03-17 05:00:00,77.96810788583552,24.84908738696422,0.0
2024-03-17 06:00:00,79.00821442325656,24.861487755392776,0.0
2024-03-17 07:00:00,62.75250618179991,24.40573908912297,0.0
2024-03-17 08:00:00,77.9333906717578,24.02493817344153,0.0
2024-03-17 09:00:00,75.6881919770675,24.582445700420973,0.0
2024-03-17 10:00:00,72.72756262535972,22.16475591813205,0.0
2024-03-17 11:00:00,71.29969397623196,19.953030512211356,0.0
2024-03-17 12:00:00,67.21627379267935,20.743651775540176,0.6304717251349908
2024-03-17 13:00:00,65.89036925475125,18.50102811062264,3.254610949982104
2024-03-17 14:00:00,63.34677000935589,17.531395865532954,0.0
2024-03-17 15:00:00,61.11081533086221,18.072044400466886,0.0
2024-03-17 16:00:00,59.611208450716525,15.649312423727217,0.0
2024-03-17 17:00:00,39.33862928240918,15.459554541673402,0.0
2024-03-17 18:00:00,57.87127509225904,13.821076508701674,0.0
2024-03-17 19:00:00,58.86358663825029,14.950701416203628,0.0
2024-03-17 20:00:00,37.25378904502077,16.279399026286292,0.0
2024-03-17 21:00:00,60.3512570472087,14.909092360226087,0.6623956179616449
2024-03-17 22:00:00,64.72570784086446,17.700845093115586,1.1725345642433667
2024-03-17 23:00:00,65.01563470076009,18.806695847132104,0.0
2024-03-18 00:00:00,69.44945720052661,20.04128745558738,0.0
2024-03-18 01:00:00,71.50538481289631,22.33125412417056,0.0
2024-03-18 02:00:00,72.85377269015623,22.834438514848543,0.0
2024-03-18 03:00:00,77.35637870447509,25.01360580428923,0.0
2024-03-18 04:00:00,75.98661720608773,23.33653750332807,0.0
2024-03-18 05:00:00,79.10841243650061,24.965553698663655,0.0
2024-03-18 06:00:00,79.54058231804296,25.084466786389946,0.0
2024-03-18 07:00:00,77.53863805381405,23.760374637690273,0.0
2024-03-18 08:00:00,55.106974057757554,25.286422021013536,0.0
2024-03-18 09:00:00,75.39102129726686,25.860207211785728,0.0
2024-03-18 10:00:00,91.16863116891261,22.48299392551634,0.0
2024-03-18 11:00:00,71.43851228979618,21.799116313786246,2.9028464525580926
2024-03-18 12:00:00,68.46569125852967,20.08451847581544,0.0
2024-03-18 13:00:00,66.83261782213471,17.99232010458029,1.4425824074334352
2024-03-18 14:00:00,64.41348872055227,15.679239722198005,0.0
2024-03-18 15:00:00,59.810400214896724,15.758692610972085,0.0
2024-03-18 16:00:00,61.28408620503371,14.277914600126046,0.0
2024-03-18 17:00:00,57.32824974907374,16.874472946613825,0.0
2024-03-18 18:00:00,59.69254620434165,14.88489030607676,0.0
2024-03-18 19:00:00,60.13744687393685,14.824451539507464,0.0
2024-03-18 20:00:00,58.92877953194008,16.559026805865443,0.0
2024-03-18 21:00:00,61.20811790017992,15.342714991211368,0.0
2024-03-18 22:00:00,62.594295331514125,16.733135961995476,0.0
2024-03-18 23:00:00,65.90688851868566,18.773977043735815,0.0
2024-03-19 00:00:00,68.41196571581392,21.028768991423313,0.0
2024-03-19 01:00:00,72.09785098329486,21.795780270681547,0.0
2024-03-19 02:00:00,75.05030874611947,22.74832514251581,0.0
2024-03-19 03:00:00,77.21675162265538,23.613651641168726,0.0
2024-03-19 04:00:00,76.8580860112658,24.73036287444883,0.0
2024-03-19 05:00:00,78.22003638914603,25.031282036574535,0.0
2024-03-19 06:00:00,77.09656180777905,23.970027725223066,0.0
2024-03-19 07:00:00,77.64338819639458,24.87570835307853,0.0
2024-03-19 08:00:00,78.42510567094195,23.256438360004495,0.0
2024-03-19 09:00:00,77.4966506354138,23.616616448833607,0.0
2024-03-19 10:00:00,72.58565112812062,22.019352058512027,0.0
2024-03-19 11:00:00,92.0196258855373,23.833476848295447,0.0
2024-03-19 12:00:00,68.81359424304095,19.960105616248224,0.0
2024-03-19 13:00:00,66.54197070779475,17.30166520822598,0.0
2024-03-19 14:00:00,63.05039648007859,17.365819789323194,0.0
2024-03-19 15:00:00,62.222993232599144,16.983824839705417,0.0
2024-03-19 16:00:00,59.74590661508474,17.343236927230354,0.0
2024-03-19 17:00:00,59.21628946623104,14.580918468615941,0.0
2024-03-19 18:00:00,59.44628424800371,13.41757202597636,0.0
2024-03-19 19:00:00,59.25716400692015,15.987207879985588,0.0
2024-03-19 20:00:00,59.82336007162917,14.289274275178217,0.0
2024-03-19 21:00:00,61.749322384208526,16.028310652559693,0.0
2024-03-19 22:00:00,63.851637040794536,17.242379514488942,0.0
2024-03-19 23:00:00,65.99179851909261,18.63627132118726,0.0
2024-03-20 00:00:00,68.70120393733235,20.689164457074064,0.3410143191200599
2024-03-20 01:00:00,73.15683762153003,20.61046094322627,0.0
2024-03-20 02:00:00,56.64652423174604,22.226270747833077,0.0
2024-03-20 03:00:00,75.76558749383611,23.521263552983246,0.0
2024-03-20 04:00:00,78.35720844235502,24.47972497644093,0.0
2024-03-20 05:00:00,78.3354387731345,24.927456306153175,0.0
2024-03-20 06:00:00,57.81361516361071,25.43600577522258,2.2791564394326462
2024-03-20 07:00:00,79.05890045508878,25.673468641087073,0.0
2024-03-20 08:00:00,77.59295189384038,24.72276113457327,0.0
2024-03-20 09:00:00,76.568784737676,23.989119429442077,0.0
2024-03-20 10:00:00,72.48912384793124,20.917776833253388,1.628585865495786
2024-03-20 11:00:00,70.53142298211557,21.34432292467837,0.0
2024-03-20 12:00:00,67.88607499360103,20.479507548001653,0.0
2024-03-20 13:00:00,66.64475264373905,19.43484596905812,0.0
2024-03-20 14:00:00,65.83251499948551,16.807649225766415,0.0
2024-03-20 15:00:00,64.27023233432703,15.805426819178557,0.0
2024-03-20 16:00:00,42.152073910407296,15.095772305794288,0.0
2024-03-20 17:00:00,59.971586212053836,15.706784768446031,0.0
2024-03-20 18:00:00,57.33894226584726,16.03388105492421,0.0
2024-03-20 19:00:00,58.94806793737514,14.762910761262976,0.0
2024-03-20 20:00:00,59.71196221024739,16.57783529470486,0.0
2024-03-20 21:00:00,61.478084589883494,16.587945903231898,0.0
2024-03-20 22:00:00,64.01185618141488,17.375714222837402,1.0151778705925225
2024-03-20 23:00:00,66.12971897127738,18.49452054466929,0.0
2024-03-21 00:00:00,67.22070018962344,20.746611364601772,3.249565333349544
2024-03-21 01:00:00,72.54610070714264,21.61967304229962,0.9356928637335308
2024-03-21 02:00:00,73.14725697426016,24.775825427647625,0.0
2024-03-21 03:00:00,76.54031467597628,22.683309262935236,0.0
2024-03-21 04:00:00,79.97433670759415,24.848228720952065,0.0
2024-03-21 05:00:00,77.98987367130432,24.30042812163386,0.0
2024-03-21 06:00:00,76.72971247725367,24.130713013011356,0.0
2024-03-21 07:00:00,78.64325404101062,24.81876199441039,0.0
2024-03-21 08:00:00,79.041213672843,24.467479498329247,0.0
2024-03-21 09:00:00,78.31941526608647,26.45370746099303,0.0
2024-03-21 10:00:00,73.0704504055475,22.31585418431676,0.0
2024-03-21 11:00:00,72.39488967426155,20.163916496027834,1.8013554185906948
2024-03-21 12:00:00,68.85468954322025,20.27301071749454,0.0
2024-03-21 13:00:00,66.63586119467087,16.631264736941134,3.5229970645952644
2024-03-21 14:00:00,66.98434334701764,17.408043217396035,0.0
2024-03-21 15:00:00,60.77596185973941,16.48049137636244,4.554206073522862
2024-03-21 16:00:00,60.95348562365016,16.464473364023007,0.0
2024-03-21 17:00:00,60.17843490887486,16.143993117982564,0.0
2024-03-21 18:00:00,60.465786324939344,14.496430381092281,0.0
2024-03-21 19:00:00,59.82872489058029,15.019756853924763,0.0
2024-03-21 20:00:00,61.047796501659626,14.903752150467088,5.0275575838179005
2024-03-21 21:00:00,83.83816015819495,15.336403539259532,0.0
2024-03-21 22:00:00,64.68912694124509,17.809894779380627,1.1889974248876372
2024-03-21 23:00:00,66.4986172734769,17.432319225890556,0.0
2024-03-22 00:00:00,70.06157188985621,19.585373099428214,0.0
2024-03-22 01:00:00,71.66858011498125,20.29892126561321,0.9812759729878967
2024-03-22 02:00:00,74.83710039390198,23.049683186290157,0.0
2024-03-22 03:00:00,76.51180499818038,25.336964005199167,0.0
2024-03-22 04:00:00,79.26630428861624,23.028539036118705,3.9474684576341845
2024-03-22 05:00:00,79.09786453930221,22.976610648547776,0.14484446294736897
2024-03-22 06:00:00,77.72696753179312,24.87511311464993,2.263993905765818
2024-03-22 07:00:00,96.9701788105425,24.84532692740315,0.37946603135411067
2024-03-22 08:00:00,77.27452173698191,24.548786325679565,0.0
2024-03-22 09:00:00,75.9473014732164,23.089213390698266,0.12703655634591363
2024-03-22 10:00:00,73.94433870595661,22.29936070117462,0.0
2024-03-22 11:00:00,73.51262854419606,21.661605636053224,2.9256690361333657
2024-03-22 12:00:00,67.42432578602183,21.040430892645098,0.0
2024-03-22 13:00:00,70.11955808263465,16.750856004169048,0.0
2024-03-22 14:00:00,65.63605680906635,17.131060560968688,0.0
2024-03-22 15:00:00,62.74217110226427,16.67827488800862,0.0
2024-03-22 16:00:00,60.88485196153942,14.751896876467116,0.0
2024-03-22 17:00:00,60.236295811966855,16.901540500321897,2.8776952378629708
2024-03-22 18:00:00,36.95731818058399,14.364590119771263,1.4392994554974163
2024-03-22 19:00:00,60.61595732305925,15.129078181547312,0.0
2024-03-22 20:00:00,61.53535042815915,16.22589507792014,0.0
2024-03-22 21:00:00,62.66851286938955,15.873181305265254,0.0
2024-03-22 22:00:00,64.46266157969296,15.653426952195728,0.0
2024-03-22 23:00:00,66.93053626532115,18.277250247570795,0.0
2024-03-23 00:00:00,69.4850917196467,21.029440555926726,2.6965566761977855
2024-03-23 01:00:00,73.4119605478923,20.95720009872748,0.0
2024-03-23 02:00:00,75.29355672228047,21.653565698540824,0.0
2024-03-23 03:00:00,73.84067917720135,24.46120611543553,0.0
2024-03-23 04:00:00,79.03615481437402,23.999352122899072,0.0
2024-03-23 05:00:00,79.58399445760925,24.319468317795025,0.0
2024-03-23 06:00:00,79.7212912435541,25.14945608966331,0.0
2024-03-23 07:00:00,79.02073980980165,25.60037934106406,0.0
2024-03-23 08:00:00,79.54436675783037,26.711840550654724,0.0
2024-03-23 09:00:00,77.78859427398862,24.36277001359031,0.336091520859105
2024-03-23 10:00:00,74.00712233217718,23.659839966388734,0.0
2024-03-23 11:00:00,72.78524273814999,20.78812902652487,0.0
2024-03-23 12:00:00,68.82834326545832,18.97413189403032,0.0
2024-03-23 13:00:00,65.84219138418594,18.768236124106558,0.5750107501485091
2024-03-23 14:00:00,64.19328277541052,17.607169915259842,0.0
2024-03-23 15:00:00,63.62132566051722,15.385953352702632,4.199112860506872
2024-03-23 16:00:00,62.13287100753189,15.494578451173892,0.0
2024-03-23 17:00:00,60.70382715720654,15.569688470273755,0.0
2024-03-23 18:00:00,60.585095786847994,15.36039339501808,0.0
2024-03-23 19:00:00,60.72692002422409,15.67465872193884,0.0
2024-03-23 20:00:00,60.578264366932636,15.960837711215238,0.0
2024-03-23 21:00:00,63.25085473280809,15.957457434797018,0.0
2024-03-23 22:00:00,65.70040952522778,16.98609937335121,6.355836630167673
2024-03-23 23:00:00,50.47781949938502,17.506953376493346,0.2056325663428165
2024-03-24 00:00:00,71.1089133714738,21.784775039184673,0.0
2024-03-24 01:00:00,73.22649429822609,21.307545590131806,0.0
2024-03-24 02:00:00,75.29144820754199,22.27514694420535,0.0
2024-03-24 03:00:00,78.0912180501819,22.60674182448027,0.0
2024-03-24 04:00:00,78.59373277859508,27.26578492124985,0.0
2024-03-24 05:00:00,78.747383611663,23.756301099222465,3.7732534831434887
2024-03-24 06:00:00,79.81693303605624,24.571152074393925,0.04122519627196969
2024-03-24 07:00:00,78.90435561808417,25.245465967731363,0.0
